chrom	snv_start	ref	alt	gene
1	2491289	G	A	TNFRSF14
1	2491290	C	G	TNFRSF14
1	8073432	T	G	ERRFI1
1	8073434	T	G	ERRFI1
1	8074313	T	A	ERRFI1
1	9779982	T	C	PIK3CD
1	11169375	A	C	MTOR
1	11169376	A	T	MTOR
1	11169377	T	A	MTOR
1	11174395	A	C	MTOR
1	11174395	A	T	MTOR
1	11177096	C	T	MTOR
1	11177098	T	C	MTOR
1	11184573	G	A	MTOR
1	11184573	G	T	MTOR
1	11184574	A	T	MTOR
1	11188078	C	A	MTOR
1	11188078	C	G	MTOR
1	11188078	C	T	MTOR
1	11188164	G	A	MTOR
1	11188164	G	C	MTOR
1	11188164	G	T	MTOR
1	11188165	T	A	MTOR
1	11188183	C	A	MTOR
1	11188183	C	G	MTOR
1	11188183	C	T	MTOR
1	11189845	G	C	MTOR
1	11189847	A	C	MTOR
1	11189847	A	G	MTOR
1	11189847	A	T	MTOR
1	11190804	C	T	MTOR
1	11217229	G	C	MTOR
1	11217230	C	A	MTOR
1	11217230	C	T	MTOR
1	11217231	A	G	MTOR
1	11217299	A	G	MTOR
1	11217302	G	A	MTOR
1	11217302	G	T	MTOR
1	11217303	C	G	MTOR
1	27087503	C	T	ARID1A
1	27099008	C	T	ARID1A
1	27099947	C	T	ARID1A
1	27099948	G	A	ARID1A
1	27100207	C	T	ARID1A
1	27101099	C	T	ARID1A
1	27101100	G	A	ARID1A
1	27105550	C	T	ARID1A
1	27105553	C	T	ARID1A
1	27106354	C	T	ARID1A
1	27106355	G	A	ARID1A
1	27106648	G	A	ARID1A
1	27106649	G	A	ARID1A
1	27106861	C	T	ARID1A
1	27106862	G	A	ARID1A
1	28605669	A	G	SESN2
1	59248409	C	G	JUN
1	59248409	C	T	JUN
1	65305399	A	G	JAK1
1	65305399	AG	GA	JAK1
1	78428510	C	T	FUBP1
1	78428511	G	A	FUBP1
1	85733478	T	A	BCL10
1	85733491	A	T	BCL10
1	85733495	T	G	BCL10
1	115256528	T	A	NRAS
1	115256529	T	A	NRAS
1	115256529	T	C	NRAS
1	115256529	T	G	NRAS
1	115256530	G	A	NRAS
1	115256530	G	T	NRAS
1	115256532	C	A	NRAS
1	115256532	C	T	NRAS
1	115258744	C	A	NRAS
1	115258744	C	T	NRAS
1	115258744	CC	AA	NRAS
1	115258745	C	A	NRAS
1	115258745	C	G	NRAS
1	115258745	C	T	NRAS
1	115258747	C	A	NRAS
1	115258747	C	G	NRAS
1	115258747	C	T	NRAS
1	115258748	C	A	NRAS
1	115258748	C	G	NRAS
1	115258748	C	T	NRAS
1	120458147	G	A	NOTCH2
1	120539668	T	A	NOTCH2
1	155874261	C	T	RIT1
1	155874285	A	T	RIT1
1	155874286	A	C	RIT1
1	155874530	C	A	RIT1
1	155874530	C	G	RIT1
1	155874530	C	T	RIT1
1	226252135	A	G	H3F3A
1	226252135	A	T	H3F3A
1	226252155	G	A	H3F3A
1	226252155	G	T	H3F3A
1	226252156	G	T	H3F3A
1	241667442	C	T	FH
1	241667444	T	G	FH
1	243859016	C	A	AKT3
1	243859016	C	T	AKT3
2	16082316	CC	TT	MYCN
2	16082317	C	T	MYCN
2	25457242	C	G	DNMT3A
2	25457242	C	T	DNMT3A
2	25457243	G	A	DNMT3A
2	25976476	G	A	ASXL2
2	25978933	T	G	ASXL2
2	25978935	C	G	ASXL2
2	25978935	C	T	ASXL2
2	29432664	C	A	ALK
2	29432664	C	T	ALK
2	29432665	G	A	ALK
2	29436860	A	C	ALK
2	29436860	A	T	ALK
2	29443695	G	C	ALK
2	29443696	A	C	ALK
2	29443697	A	C	ALK
2	29443697	A	G	ALK
2	29606678	C	A	ALK
2	29606678	C	T	ALK
2	29606679	G	A	ALK
2	29606696	C	T	ALK
2	39281778	T	A	SOS1
2	39285890	G	A	SOS1
2	39285891	C	T	SOS1
2	46607402	C	G	EPAS1
2	46607402	C	T	EPAS1
2	46607403	C	T	EPAS1
2	46607406	A	G	EPAS1
2	47698180	G	T	MSH2
2	61715367	C	T	XPO1
2	61715368	G	A	XPO1
2	61719471	T	A	XPO1
2	61719471	T	G	XPO1
2	61719472	C	T	XPO1
2	111907692	G	A	BCL2L11
2	111907692	G	T	BCL2L11
2	111907693	G	A	BCL2L11
2	158622516	C	A	ACVR1
2	158622516	C	T	ACVR1
2	158626897	C	A	ACVR1
2	158626898	T	C	ACVR1
2	158630626	C	T	ACVR1
2	178098799	T	A	NFE2L2
2	178098800	T	C	NFE2L2
2	178098800	T	G	NFE2L2
2	178098801	C	G	NFE2L2
2	178098803	C	A	NFE2L2
2	178098803	C	G	NFE2L2
2	178098803	C	T	NFE2L2
2	178098804	C	A	NFE2L2
2	178098804	C	G	NFE2L2
2	178098804	C	T	NFE2L2
2	178098806	G	A	NFE2L2
2	178098806	G	C	NFE2L2
2	178098806	G	T	NFE2L2
2	178098807	T	C	NFE2L2
2	178098807	T	G	NFE2L2
2	178098808	C	A	NFE2L2
2	178098809	T	A	NFE2L2
2	178098809	T	C	NFE2L2
2	178098810	C	A	NFE2L2
2	178098810	C	G	NFE2L2
2	178098810	C	T	NFE2L2
2	178098815	T	A	NFE2L2
2	178098815	T	C	NFE2L2
2	178098816	C	A	NFE2L2
2	178098816	C	G	NFE2L2
2	178098944	C	A	NFE2L2
2	178098944	C	G	NFE2L2
2	178098944	C	T	NFE2L2
2	178098945	G	A	NFE2L2
2	178098945	G	C	NFE2L2
2	178098953	C	A	NFE2L2
2	178098953	C	G	NFE2L2
2	178098953	C	T	NFE2L2
2	178098954	C	T	NFE2L2
2	178098956	A	C	NFE2L2
2	178098956	A	G	NFE2L2
2	178098956	A	T	NFE2L2
2	178098957	G	A	NFE2L2
2	178098959	T	C	NFE2L2
2	178098960	C	A	NFE2L2
2	178098960	C	G	NFE2L2
2	178098960	C	T	NFE2L2
2	178098962	A	G	NFE2L2
2	178098967	T	G	NFE2L2
2	178098968	T	A	NFE2L2
2	178098968	T	C	NFE2L2
2	178098968	T	G	NFE2L2
2	178098969	G	T	NFE2L2
2	178098973	C	G	NFE2L2
2	178098974	C	G	NFE2L2
2	178098975	A	G	NFE2L2
2	198265452	T	C	SF3B1
2	198265453	C	G	SF3B1
2	198265453	C	T	SF3B1
2	198265476	T	C	SF3B1
2	198265476	T	G	SF3B1
2	198265477	C	A	SF3B1
2	198265477	C	T	SF3B1
2	198266611	C	T	SF3B1
2	198266709	C	A	SF3B1
2	198266710	T	G	SF3B1
2	198266711	T	A	SF3B1
2	198266711	T	C	SF3B1
2	198266711	T	G	SF3B1
2	198266712	TC	AA	SF3B1
2	198266713	C	A	SF3B1
2	198266713	C	T	SF3B1
2	198266830	A	G	SF3B1
2	198266831	C	A	SF3B1
2	198266831	C	T	SF3B1
2	198266833	T	C	SF3B1
2	198266834	T	C	SF3B1
2	198267359	C	G	SF3B1
2	198267360	T	A	SF3B1
2	198267360	T	G	SF3B1
2	198267361	T	C	SF3B1
2	198267361	T	G	SF3B1
2	198267481	T	A	SF3B1
2	198267481	T	C	SF3B1
2	198267481	T	G	SF3B1
2	198267483	C	A	SF3B1
2	198267483	C	T	SF3B1
2	198267484	G	A	SF3B1
2	198267484	G	C	SF3B1
2	198267489	T	C	SF3B1
2	198267489	T	G	SF3B1
2	198267490	A	G	SF3B1
2	202131411	C	T	CASP8
2	202131412	G	A	CASP8
2	202141586	C	T	CASP8
2	202141587	G	A	CASP8
2	202150030	C	T	CASP8
2	202150031	G	A	CASP8
2	202150039	C	T	CASP8
2	204732714	A	G	CTLA4
2	209113112	C	A	IDH1
2	209113112	C	T	IDH1
2	209113112	CG	AT	IDH1
2	209113113	G	A	IDH1
2	209113113	G	C	IDH1
2	209113113	G	T	IDH1
2	212248402	A	C	ERBB4
2	212248599	T	A	ERBB4
2	212248599	T	C	ERBB4
2	212248599	T	G	ERBB4
2	212251754	A	C	ERBB4
2	212285296	T	C	ERBB4
2	212285296	T	G	ERBB4
2	212426722	A	C	ERBB4
2	212426722	A	G	ERBB4
2	212426722	A	T	ERBB4
2	212426794	C	T	ERBB4
2	212426795	T	C	ERBB4
2	212426795	T	G	ERBB4
2	212488730	G	C	ERBB4
2	225371708	A	C	CUL3
2	225371709	T	C	CUL3
3	10183724	T	A	VHL
3	10183724	T	C	VHL
3	10183725	C	A	VHL
3	10183725	C	G	VHL
3	10183725	C	T	VHL
3	10183733	T	C	VHL
3	10183734	C	A	VHL
3	10183752	T	A	VHL
3	10183752	T	G	VHL
3	10183763	A	G	VHL
3	10183763	A	T	VHL
3	10183764	A	G	VHL
3	10183765	T	A	VHL
3	10183769	A	C	VHL
3	10183770	G	A	VHL
3	10183770	G	T	VHL
3	10183771	T	G	VHL
3	10183787	C	A	VHL
3	10183787	C	T	VHL
3	10183788	C	G	VHL
3	10183788	C	T	VHL
3	10183793	T	C	VHL
3	10183794	G	A	VHL
3	10183794	G	T	VHL
3	10183797	T	A	VHL
3	10183797	T	C	VHL
3	10183862	AGC	CCT	VHL
3	10183863	G	A	VHL
3	10183864	C	G	VHL
3	10183865	-	A	VHL
3	10183865	T	G	VHL
3	10183866	A	G	VHL
3	10183867	C	A	VHL
3	10183871	G	C	VHL
3	10183871	G	T	VHL
3	10188198	G	C	VHL
3	10188200	C	A	VHL
3	10188200	C	T	VHL
3	10188202	C	A	VHL
3	10188207	G	A	VHL
3	10188207	G	T	VHL
3	10188208	G	A	VHL
3	10188208	G	C	VHL
3	10188218	G	T	VHL
3	10188219	A	G	VHL
3	10188219	A	T	VHL
3	10188261	T	G	VHL
3	10188262	A	T	VHL
3	10188308	A	T	VHL
3	10188309	T	A	VHL
3	10188309	T	C	VHL
3	10188309	T	G	VHL
3	10191479	C	G	VHL
3	10191480	T	A	VHL
3	10191480	T	C	VHL
3	10191488	C	T	VHL
3	10191489	G	A	VHL
3	10191489	G	T	VHL
3	10191491	T	C	VHL
3	10191492	G	A	VHL
3	10191492	G	T	VHL
3	10191493	C	A	VHL
3	10191493	C	G	VHL
3	10191513	T	C	VHL
3	12645693	G	A	RAF1
3	12645693	G	C	RAF1
3	12645694	A	G	RAF1
3	12645699	G	A	RAF1
3	12645699	G	C	RAF1
3	30715678	G	A	TGFBR2
3	30715678	G	T	TGFBR2
3	30715679	A	T	TGFBR2
3	30729962	C	T	TGFBR2
3	30732942	G	A	TGFBR2
3	30732969	C	G	TGFBR2
3	30732969	C	T	TGFBR2
3	30732970	G	A	TGFBR2
3	30732970	G	T	TGFBR2
3	38181484	C	T	MYD88
3	38182259	T	C	MYD88
3	38182292	G	A	MYD88
3	38182641	T	C	MYD88
3	41266097	G	A	CTNNB1
3	41266097	G	C	CTNNB1
3	41266097	G	T	CTNNB1
3	41266098	A	C	CTNNB1
3	41266098	A	G	CTNNB1
3	41266098	A	T	CTNNB1
3	41266100	T	A	CTNNB1
3	41266100	T	C	CTNNB1
3	41266100	T	G	CTNNB1
3	41266101	C	A	CTNNB1
3	41266101	C	G	CTNNB1
3	41266101	C	T	CTNNB1
3	41266103	G	A	CTNNB1
3	41266103	G	T	CTNNB1
3	41266103	GG	TT	CTNNB1
3	41266104	G	A	CTNNB1
3	41266104	G	C	CTNNB1
3	41266104	G	T	CTNNB1
3	41266107	T	G	CTNNB1
3	41266109	C	T	CTNNB1
3	41266110	A	C	CTNNB1
3	41266112	T	C	CTNNB1
3	41266112	T	G	CTNNB1
3	41266113	C	A	CTNNB1
3	41266113	C	G	CTNNB1
3	41266113	C	T	CTNNB1
3	41266124	A	G	CTNNB1
3	41266125	C	A	CTNNB1
3	41266125	C	T	CTNNB1
3	41266136	T	C	CTNNB1
3	41266136	T	G	CTNNB1
3	41266137	C	A	CTNNB1
3	41266137	C	G	CTNNB1
3	41266137	C	T	CTNNB1
3	41267290	A	G	CTNNB1
3	41267291	A	C	CTNNB1
3	41268766	A	C	CTNNB1
3	41268766	A	T	CTNNB1
3	41274897	T	C	CTNNB1
3	41274897	T	G	CTNNB1
3	41274898	G	C	CTNNB1
3	41274899	G	C	CTNNB1
3	41274909	A	T	CTNNB1
3	41274910	A	T	CTNNB1
3	41274911	T	G	CTNNB1
3	41275708	C	T	CTNNB1
3	41275709	G	A	CTNNB1
3	47142965	A	C	SETD2
3	47142966	T	C	SETD2
3	47142967	A	G	SETD2
3	47144879	C	A	SETD2
3	47144879	C	T	SETD2
3	47144880	G	A	SETD2
3	47144880	G	T	SETD2
3	47147518	T	C	SETD2
3	47147519	GG	AG	SETD2
3	49397742	G	A	RHOA
3	49397743	C	T	RHOA
3	49405932	A	C	RHOA
3	49405932	A	G	RHOA
3	49405933	G	T	RHOA
3	49405953	C	A	RHOA
3	49405953	C	T	RHOA
3	49405954	C	T	RHOA
3	49405969	A	C	RHOA
3	49412884	C	T	RHOA
3	49412898	T	A	RHOA
3	49412898	T	C	RHOA
3	49412898	T	G	RHOA
3	49412898	TA	AT	RHOA
3	49412903	C	G	RHOA
3	49412904	T	A	RHOA
3	49412905	C	A	RHOA
3	49412905	C	G	RHOA
3	49412905	C	T	RHOA
3	49412913	G	A	RHOA
3	49412914	T	A	RHOA
3	49412914	T	C	RHOA
3	49412922	T	A	RHOA
3	49412922	T	C	RHOA
3	49412958	A	C	RHOA
3	49412958	A	G	RHOA
3	49412973	C	A	RHOA
3	49412973	C	G	RHOA
3	49412973	C	T	RHOA
3	49413009	C	A	RHOA
3	49413009	C	T	RHOA
3	49413010	G	A	RHOA
3	49721622	C	T	MST1
3	52610694	C	G	PBRM1
3	52610694	C	T	PBRM1
3	52610695	G	A	PBRM1
3	52637555	G	A	PBRM1
3	52643768	G	A	PBRM1
3	52643768	G	C	PBRM1
3	71021817	C	T	FOXP1
3	71021818	G	A	FOXP1
3	71026984	G	A	FOXP1
3	89259262	C	T	EPHA3
3	128200749	A	T	GATA2
3	128200750	C	A	GATA2
3	128200751	A	G	GATA2
3	134920412	C	T	EPHB1
3	134920413	G	A	EPHB1
3	138374244	T	A	PIK3CB
3	138374244	T	G	PIK3CB
3	138374245	C	A	PIK3CB
3	138374245	C	G	PIK3CB
3	138374292	T	C	PIK3CB
3	138374293	C	T	PIK3CB
3	138453486	C	T	PIK3CB
3	138665163	G	C	FOXL2
3	138665213	C	G	FOXL2
3	138665213	C	T	FOXL2
3	170013719	C	A	PRKCI
3	170013719	C	T	PRKCI
3	170013720	G	A	PRKCI
3	178916725	C	A	PIK3CA
3	178916725	C	G	PIK3CA
3	178916725	C	T	PIK3CA
3	178916726	G	A	PIK3CA
3	178916726	G	T	PIK3CA
3	178916728	G	A	PIK3CA
3	178916729	A	G	PIK3CA
3	178916854	G	A	PIK3CA
3	178916854	G	T	PIK3CA
3	178916876	G	A	PIK3CA
3	178916881	T	C	PIK3CA
3	178916881	T	G	PIK3CA
3	178916882	G	A	PIK3CA
3	178916882	G	C	PIK3CA
3	178916890	C	T	PIK3CA
3	178916891	G	A	PIK3CA
3	178916891	G	T	PIK3CA
3	178916923	CC	TT	PIK3CA
3	178916924	C	G	PIK3CA
3	178916924	C	T	PIK3CA
3	178916929	G	A	PIK3CA
3	178916929	G	C	PIK3CA
3	178916929	G	T	PIK3CA
3	178916930	G	T	PIK3CA
3	178916930	GCAA	TCAG	PIK3CA
3	178916933	A	G	PIK3CA
3	178916933	A	T	PIK3CA
3	178916935	C	A	PIK3CA
3	178916936	G	A	PIK3CA
3	178916936	G	T	PIK3CA
3	178916944	A	C	PIK3CA
3	178916944	A	G	PIK3CA
3	178916945	A	G	PIK3CA
3	178916946	G	T	PIK3CA
3	178916957	G	A	PIK3CA
3	178916957	G	C	PIK3CA
3	178916957	G	T	PIK3CA
3	178917478	G	A	PIK3CA
3	178921548	G	A	PIK3CA
3	178921549	T	C	PIK3CA
3	178921549	T	G	PIK3CA
3	178921551	A	C	PIK3CA
3	178921551	A	G	PIK3CA
3	178921551	A	T	PIK3CA
3	178921552	A	C	PIK3CA
3	178921552	A	T	PIK3CA
3	178921553	T	A	PIK3CA
3	178921566	G	A	PIK3CA
3	178921567	A	G	PIK3CA
3	178921567	A	T	PIK3CA
3	178922300	C	G	PIK3CA
3	178922300	C	T	PIK3CA
3	178922301	G	A	PIK3CA
3	178922301	G	T	PIK3CA
3	178922321	G	A	PIK3CA
3	178922322	G	C	PIK3CA
3	178922324	G	A	PIK3CA
3	178922325	A	T	PIK3CA
3	178922363	T	C	PIK3CA
3	178922364	G	A	PIK3CA
3	178922364	G	T	PIK3CA
3	178927980	T	C	PIK3CA
3	178928079	G	A	PIK3CA
3	178928079	G	C	PIK3CA
3	178928081	A	C	PIK3CA
3	178928225	C	G	PIK3CA
3	178928226	C	T	PIK3CA
3	178936074	C	G	PIK3CA
3	178936082	G	A	PIK3CA
3	178936082	G	C	PIK3CA
3	178936083	A	C	PIK3CA
3	178936083	A	G	PIK3CA
3	178936083	A	T	PIK3CA
3	178936091	G	A	PIK3CA
3	178936091	G	C	PIK3CA
3	178936092	A	C	PIK3CA
3	178936092	A	G	PIK3CA
3	178936093	G	C	PIK3CA
3	178936093	GC	TA	PIK3CA
3	178936094	C	A	PIK3CA
3	178936094	C	G	PIK3CA
3	178936095	A	C	PIK3CA
3	178936095	A	G	PIK3CA
3	178936095	A	T	PIK3CA
3	178936096	G	T	PIK3CA
3	178937422	T	C	PIK3CA
3	178938934	G	A	PIK3CA
3	178938935	A	C	PIK3CA
3	178947827	G	T	PIK3CA
3	178948044	A	G	PIK3CA
3	178948136	G	A	PIK3CA
3	178951955	A	G	PIK3CA
3	178951957	G	A	PIK3CA
3	178951964	G	C	PIK3CA
3	178951965	G	A	PIK3CA
3	178952006	T	C	PIK3CA
3	178952007	A	G	PIK3CA
3	178952018	A	G	PIK3CA
3	178952018	A	T	PIK3CA
3	178952072	A	G	PIK3CA
3	178952072	A	T	PIK3CA
3	178952073	T	C	PIK3CA
3	178952074	G	A	PIK3CA
3	178952075	A	T	PIK3CA
3	178952077	T	A	PIK3CA
3	178952084	C	T	PIK3CA
3	178952085	A	G	PIK3CA
3	178952085	A	T	PIK3CA
3	178952086	T	A	PIK3CA
3	178952090	G	C	PIK3CA
3	178952091	G	C	PIK3CA
3	178952100	C	A	PIK3CA
3	178952138	C	T	PIK3CA
3	178952139	A	T	PIK3CA
3	187442853	C	T	BCL6
3	187442854	G	A	BCL6
3	187443345	C	T	BCL6
3	187443346	G	C	BCL6
3	189586470	C	A	TP63
3	189586470	C	T	TP63
3	189587118	C	A	TP63
3	189587118	C	T	TP63
3	189587119	G	A	TP63
3	189612073	G	A	TP63
4	1803564	C	T	FGFR3
4	1803568	C	G	FGFR3
4	1806089	G	T	FGFR3
4	1806092	A	T	FGFR3
4	1806099	A	G	FGFR3
4	1806119	G	A	FGFR3
4	1807889	A	G	FGFR3
4	1807890	A	C	FGFR3
4	1807890	A	T	FGFR3
4	1807891	G	C	FGFR3
4	1976665	A	G	WHSC1
4	55131142	G	A	PDGFRA
4	55131142	G	T	PDGFRA
4	55131143	A	T	PDGFRA
4	55131160	T	C	PDGFRA
4	55131161	G	A	PDGFRA
4	55131161	G	C	PDGFRA
4	55144146	A	T	PDGFRA
4	55144147	A	G	PDGFRA
4	55144148	C	G	PDGFRA
4	55152092	G	C	PDGFRA
4	55152092	GA	AT	PDGFRA
4	55152093	A	T	PDGFRA
4	55593603	T	C	KIT
4	55593603	T	G	KIT
4	55593604	G	C	KIT
4	55593605	G	T	KIT
4	55593610	T	A	KIT
4	55593610	T	C	KIT
4	55593610	T	G	KIT
4	55593610	TTGT	CTGA	KIT
4	55593613	T	A	KIT
4	55593613	T	C	KIT
4	55593613	T	G	KIT
4	55593661	T	C	KIT
4	55594221	A	C	KIT
4	55594221	A	G	KIT
4	55594223	A	C	KIT
4	55594258	T	C	KIT
4	55599320	G	C	KIT
4	55599320	G	T	KIT
4	55599321	A	C	KIT
4	55599321	A	T	KIT
4	55599332	G	T	KIT
4	55599333	A	C	KIT
4	55599333	A	G	KIT
4	55599333	A	T	KIT
4	55599334	T	G	KIT
4	55599338	A	T	KIT
4	55599339	A	T	KIT
4	55599340	T	A	KIT
4	55599341	T	G	KIT
4	55599342	A	G	KIT
4	55602952	C	T	KIT
4	55602953	G	A	KIT
4	55956205	G	A	KDR
4	55956206	A	T	KDR
4	55956220	C	T	KDR
4	55956221	G	A	KDR
4	55972944	A	T	KDR
4	55972946	A	G	KDR
4	106156747	C	T	TET2
4	153244091	C	T	FBXW7
4	153244092	G	A	FBXW7
4	153244184	C	T	FBXW7
4	153244185	G	A	FBXW7
4	153245446	G	A	FBXW7
4	153245447	A	G	FBXW7
4	153247165	G	A	FBXW7
4	153247165	G	C	FBXW7
4	153247166	A	G	FBXW7
4	153247167	A	C	FBXW7
4	153247168	T	C	FBXW7
4	153247207	G	A	FBXW7
4	153247208	T	G	FBXW7
4	153247243	T	A	FBXW7
4	153247243	T	C	FBXW7
4	153247244	C	A	FBXW7
4	153247244	C	G	FBXW7
4	153247244	C	T	FBXW7
4	153247288	C	A	FBXW7
4	153247288	C	G	FBXW7
4	153247288	C	T	FBXW7
4	153247289	G	A	FBXW7
4	153247289	G	C	FBXW7
4	153247289	G	T	FBXW7
4	153247366	C	A	FBXW7
4	153247366	C	G	FBXW7
4	153247366	C	T	FBXW7
4	153247367	G	A	FBXW7
4	153247367	G	C	FBXW7
4	153249384	C	A	FBXW7
4	153249384	C	G	FBXW7
4	153249384	C	T	FBXW7
4	153249385	G	A	FBXW7
4	153249385	G	C	FBXW7
4	153249385	G	T	FBXW7
4	153249456	C	A	FBXW7
4	153249456	C	T	FBXW7
4	153249457	G	A	FBXW7
4	153249457	G	C	FBXW7
4	153249468	C	A	FBXW7
4	153249468	C	T	FBXW7
4	153249469	C	A	FBXW7
4	153249510	C	A	FBXW7
4	153249510	C	G	FBXW7
4	153249511	C	A	FBXW7
4	153250882	C	T	FBXW7
4	153250883	G	A	FBXW7
4	153250906	G	A	FBXW7
4	153250906	G	T	FBXW7
4	153250907	T	G	FBXW7
4	153251906	C	G	FBXW7
4	153251907	G	A	FBXW7
4	153258954	C	A	FBXW7
4	153258955	T	A	FBXW7
4	153258956	C	G	FBXW7
4	153258956	C	T	FBXW7
4	153258983	G	A	FBXW7
4	153268137	C	T	FBXW7
4	153268138	G	A	FBXW7
4	153332915	C	T	FBXW7
4	153332916	G	A	FBXW7
4	187542860	C	T	FAT1
4	187542861	G	A	FAT1
5	236616	C	T	SDHA
5	256455	C	G	SDHA
5	256470	G	A	SDHA
5	256470	G	T	SDHA
5	35873660	C	T	IL7R
5	35873661	G	A	IL7R
5	35874565	A	C	IL7R
5	35874565	A	G	IL7R
5	35874565	A	T	IL7R
5	35874567	C	G	IL7R
5	35876392	A	C	IL7R
5	35876392	A	G	IL7R
5	35876392	A	T	IL7R
5	35876393	G	T	IL7R
5	38950648	G	A	RICTOR
5	56161270	T	C	MAP3K1
5	56181765	C	G	MAP3K1
5	56181765	C	T	MAP3K1
5	57754228	A	G	PLK2
5	57754229	G	C	PLK2
5	67588951	C	T	PIK3R1
5	67589138	G	A	PIK3R1
5	67589147	A	G	PIK3R1
5	67589149	A	T	PIK3R1
5	67589591	T	A	PIK3R1
5	67589591	T	C	PIK3R1
5	67589592	A	G	PIK3R1
5	67591085	G	A	PIK3R1
5	67591085	G	C	PIK3R1
5	67591085	G	T	PIK3R1
5	67591086	A	G	PIK3R1
5	67591097	A	G	PIK3R1
5	67591106	A	G	PIK3R1
5	112116592	C	T	APC
5	112174096	C	A	APC
5	112175171	C	T	APC
5	112175198	C	T	APC
5	112175235	C	A	APC
5	112175273	C	T	APC
5	112175303	C	T	APC
5	112175348	G	T	APC
5	112175390	C	G	APC
5	112175390	C	T	APC
5	112175423	C	T	APC
5	112175426	G	T	APC
5	112175480	G	T	APC
5	112175507	C	T	APC
5	112175509	G	C	APC
5	112175513	G	T	APC
5	112175576	C	T	APC
5	112175577	A	G	APC
5	131895051	G	A	RAD50
5	131895051	G	T	RAD50
5	176522416	C	A	FGFR4
5	176522551	G	A	FGFR4
5	176522551	G	C	FGFR4
5	176687152	G	A	NSD1
5	176687152	G	C	NSD1
5	176687153	C	A	NSD1
6	394899	T	C	IRF4
6	394900	G	A	IRF4
6	394972	A	G	IRF4
6	407524	T	C	IRF4
6	407526	C	G	IRF4
6	26031973	C	G	HIST1H3B
6	26031973	C	T	HIST1H3B
6	26032136	C	G	HIST1H3B
6	26032138	C	G	HIST1H3B
6	26032138	C	T	HIST1H3B
6	26032206	T	A	HIST1H3B
6	26032207	T	C	HIST1H3B
6	26045748	A	T	HIST1H3C
6	26056119	C	G	HIST1H1C
6	26056314	C	T	HIST1H1C
6	27777960	A	G	HIST1H3H
6	27777961	A	T	HIST1H3H
6	31324602	T	G	HLA-B
6	31324603	C	T	HLA-B
6	31940123	G	A	STK19
6	37138355	C	G	PIM1
6	37138355	C	T	PIM1
6	37138423	G	C	PIM1
6	37138549	G	A	PIM1
6	37138549	G	C	PIM1
6	37138549	G	T	PIM1
6	37138577	G	T	PIM1
6	37138804	G	C	PIM1
6	37138950	G	A	PIM1
6	37138950	G	C	PIM1
6	37138951	C	G	PIM1
6	41903688	A	C	CCND3
6	41903688	A	T	CCND3
6	41903731	G	A	CCND3
6	93967960	C	T	EPHA7
6	93967961	C	A	EPHA7
6	93967961	C	T	EPHA7
6	152332832	G	C	ESR1
6	152419920	T	A	ESR1
6	152419920	T	C	ESR1
6	152419920	T	G	ESR1
6	152419920	TC	AG	ESR1
6	152419922	T	A	ESR1
6	152419922	T	G	ESR1
6	152419922	TA	AG	ESR1
6	152419923	A	C	ESR1
6	152419923	A	G	ESR1
6	152419926	A	G	ESR1
6	157488191	G	A	ARID1B
6	157505554	C	T	ARID1B
6	157505555	A	C	ARID1B
6	157525059	A	G	ARID1B
6	157525060	C	T	ARID1B
7	2963931	C	A	CARD11
7	2963931	C	G	CARD11
7	2963931	C	T	CARD11
7	2976744	C	T	CARD11
7	2976745	G	A	CARD11
7	2976811	C	T	CARD11
7	2977614	T	A	CARD11
7	2977615	C	T	CARD11
7	2978320	C	T	CARD11
7	2978321	G	A	CARD11
7	2979495	A	G	CARD11
7	2983885	C	G	CARD11
7	2983886	T	A	CARD11
7	2983886	T	G	CARD11
7	2985532	C	G	CARD11
7	2985534	C	G	CARD11
7	2985534	C	T	CARD11
7	6026444	T	C	PMS2
7	6414400	G	A	RAC1
7	6414401	G	T	RAC1
7	6426860	G	A	RAC1
7	6426860	G	C	RAC1
7	6426860	G	T	RAC1
7	6426892	C	A	RAC1
7	6426892	C	T	RAC1
7	6426892	CC	TT	RAC1
7	6426893	C	T	RAC1
7	6426907	C	T	RAC1
7	6426908	C	A	RAC1
7	6426908	C	G	RAC1
7	6431628	C	A	RAC1
7	6431629	A	G	RAC1
7	6439806	A	G	RAC1
7	6439806	A	T	RAC1
7	6439807	T	A	RAC1
7	6441557	A	G	RAC1
7	6441558	A	C	RAC1
7	6441974	C	T	RAC1
7	50467675	G	A	IKZF1
7	50467675	G	C	IKZF1
7	55210075	T	G	EGFR
7	55211079	A	G	EGFR
7	55211080	G	A	EGFR
7	55220274	C	T	EGFR
7	55220275	G	A	EGFR
7	55221710	C	T	EGFR
7	55221711	G	A	EGFR
7	55221711	G	C	EGFR
7	55221743	A	C	EGFR
7	55221744	C	T	EGFR
7	55221821	G	A	EGFR
7	55221821	GC	AA	EGFR
7	55221821	GC	AT	EGFR
7	55221822	C	A	EGFR
7	55221822	C	T	EGFR
7	55223543	C	T	EGFR
7	55224306	A	G	EGFR
7	55224307	C	A	EGFR
7	55224307	C	T	EGFR
7	55233036	C	T	EGFR
7	55233037	C	G	EGFR
7	55233037	C	T	EGFR
7	55233043	G	A	EGFR
7	55233043	G	C	EGFR
7	55233043	G	T	EGFR
7	55241677	G	A	EGFR
7	55241677	G	C	EGFR
7	55241678	A	C	EGFR
7	55241707	G	A	EGFR
7	55241707	G	T	EGFR
7	55241708	G	A	EGFR
7	55241708	G	C	EGFR
7	55242469	TT	CC	EGFR
7	55242470	T	C	EGFR
7	55242471	A	C	EGFR
7	55242478	G	C	EGFR
7	55242490	A	G	EGFR
7	55242491	A	T	EGFR
7	55249005	G	C	EGFR
7	55249005	G	T	EGFR
7	55249071	C	T	EGFR
7	55259439	T	A	EGFR
7	55259439	T	G	EGFR
7	55259441	G	T	EGFR
7	55259454	C	A	EGFR
7	55259455	T	C	EGFR
7	55259515	T	G	EGFR
7	55259524	T	A	EGFR
7	74146970	T	A	GTF2I
7	74148279	A	G	GTF2I
7	74159268	T	G	GTF2I
7	81374376	C	G	HGF
7	81374376	C	T	HGF
7	116412023	A	G	MET
7	116412023	A	T	MET
7	116412024	C	G	MET
7	116412043	G	A	MET
7	116412043	G	C	MET
7	116412043	G	T	MET
7	116415114	GT	AG	MET
7	116415115	T	A	MET
7	116415115	T	C	MET
7	116417463	C	T	MET
7	116417464	A	G	MET
7	116422117	T	A	MET
7	116422117	T	G	MET
7	116423413	T	C	MET
7	116423414	A	C	MET
7	116423414	A	G	MET
7	116423474	T	C	MET
7	128846398	C	T	SMO
7	128846405	T	C	SMO
7	128846405	TG	GT	SMO
7	128850341	G	T	SMO
7	140453132	T	A	BRAF
7	140453133	T	G	BRAF
7	140453134	T	C	BRAF
7	140453135	CA	TT	BRAF
7	140453136	A	C	BRAF
7	140453136	A	T	BRAF
7	140453136	AC	CT	BRAF
7	140453136	AC	TT	BRAF
7	140453137	C	T	BRAF
7	140453145	A	C	BRAF
7	140453145	A	T	BRAF
7	140453145	AG	GA	BRAF
7	140453146	G	C	BRAF
7	140453148	C	A	BRAF
7	140453148	C	T	BRAF
7	140453149	C	A	BRAF
7	140453149	C	G	BRAF
7	140453149	C	T	BRAF
7	140453153	A	T	BRAF
7	140453154	T	A	BRAF
7	140453154	T	C	BRAF
7	140453155	C	A	BRAF
7	140453155	C	G	BRAF
7	140453155	C	T	BRAF
7	140453193	T	A	BRAF
7	140453193	T	C	BRAF
7	140453193	T	G	BRAF
7	140453987	T	A	BRAF
7	140453987	T	C	BRAF
7	140453987	T	G	BRAF
7	140477853	C	A	BRAF
7	140477854	A	C	BRAF
7	140477854	A	G	BRAF
7	140477854	A	T	BRAF
7	140481402	C	A	BRAF
7	140481402	C	G	BRAF
7	140481402	C	T	BRAF
7	140481402	CC	GA	BRAF
7	140481403	C	A	BRAF
7	140481403	C	T	BRAF
7	140481411	C	A	BRAF
7	140481411	C	G	BRAF
7	140481411	C	T	BRAF
7	148507460	T	C	EZH2
7	148507461	T	C	EZH2
7	148508727	T	A	EZH2
7	148508727	T	C	EZH2
7	148508727	T	G	EZH2
7	148508728	A	G	EZH2
7	148508728	A	T	EZH2
7	148512600	T	C	EZH2
7	151188048	G	C	RHEB
7	151188049	T	C	RHEB
7	151188049	T	G	RHEB
7	151188050	A	G	RHEB
7	151188050	A	T	RHEB
7	151845366	C	T	KMT2C
7	151845367	G	A	KMT2C
7	151845367	G	T	KMT2C
7	152055755	C	T	KMT2C
7	152055756	G	A	KMT2C
8	38272306	C	A	FGFR1
8	38272308	T	A	FGFR1
8	38272308	T	C	FGFR1
8	38274849	G	C	FGFR1
8	38274851	T	C	FGFR1
8	55370985	C	G	SOX17
8	55372518	G	T	SOX17
8	56910944	A	C	LYN
8	56910945	T	A	LYN
8	68930087	T	G	PREX2
8	70964514	C	T	PRDM14
8	70964515	G	A	PRDM14
8	70981486	A	C	PRDM14
8	74858967	G	T	TCEB1
8	74858968	T	A	TCEB1
8	74858968	T	C	TCEB1
8	74858968	T	G	TCEB1
8	74858969	A	T	TCEB1
8	128748858	G	A	MYC
8	128750680	A	C	MYC
8	128750680	A	G	MYC
8	128750681	C	T	MYC
8	128750683	C	A	MYC
8	128750683	C	T	MYC
8	128750684	C	A	MYC
8	128750684	C	G	MYC
8	128750684	C	T	MYC
8	128750945	C	T	MYC
9	8518099	G	A	PTPRD
9	8518099	G	T	PTPRD
9	21970969	A	C	CDKN2A
9	21970969	A	T	CDKN2A
9	21970970	G	C	CDKN2A
9	21970971	G	C	CDKN2A
9	21970972	T	C	CDKN2A
9	21970998	C	A	CDKN2A
9	21971000	C	A	CDKN2A
9	21971000	C	T	CDKN2A
9	21971016	G	A	CDKN2A
9	21971016	GG	AA	CDKN2A
9	21971017	G	A	CDKN2A
9	21971017	G	T	CDKN2A
9	21971017	GG	AA	CDKN2A
9	21971018	G	A	CDKN2A
9	21971018	G	T	CDKN2A
9	21971028	C	T	CDKN2A
9	21971029	C	T	CDKN2A
9	21971035	T	A	CDKN2A
9	21971035	T	C	CDKN2A
9	21971036	C	A	CDKN2A
9	21971036	C	G	CDKN2A
9	21971036	C	T	CDKN2A
9	21971096	C	A	CDKN2A
9	21971096	C	T	CDKN2A
9	21971106	G	A	CDKN2A
9	21971107	T	A	CDKN2A
9	21971107	T	C	CDKN2A
9	21971107	T	G	CDKN2A
9	21971108	C	A	CDKN2A
9	21971108	C	T	CDKN2A
9	21971109	G	C	CDKN2A
9	21971110	T	C	CDKN2A
9	21971111	G	A	CDKN2A
9	21971111	G	C	CDKN2A
9	21971111	GC	TG	CDKN2A
9	21971119	C	T	CDKN2A
9	21971120	G	A	CDKN2A
9	21971137	T	A	CDKN2A
9	21971137	T	C	CDKN2A
9	21971138	C	A	CDKN2A
9	21971138	C	T	CDKN2A
9	21971184	T	G	CDKN2A
9	21971186	G	A	CDKN2A
9	21974677	C	A	CDKN2A
9	21974678	T	C	CDKN2A
9	21974679	GG	AT	CDKN2A
9	21974684	G	A	CDKN2A
9	21974684	G	C	CDKN2A
9	21974701	A	C	CDKN2A
9	21974702	T	A	CDKN2A
9	21974703	T	A	CDKN2A
9	21974703	T	G	CDKN2A
9	21974792	G	A	CDKN2A
9	21974792	G	T	CDKN2A
9	37020768	A	C	PAX5
9	80409487	T	G	GNAQ
9	80409488	T	A	GNAQ
9	80409488	T	G	GNAQ
9	80412493	C	T	GNAQ
9	80412494	G	A	GNAQ
9	80537112	T	A	GNAQ
9	80537255	C	A	GNAQ
9	80537255	CC	AA	GNAQ
9	80537256	C	A	GNAQ
9	101900288	C	A	TGFBR1
9	101900288	C	T	TGFBR1
9	101900342	T	A	TGFBR1
9	101907164	C	A	TGFBR1
9	101907164	C	G	TGFBR1
9	101907164	C	T	TGFBR1
9	101911534	C	T	TGFBR1
9	101911535	G	A	TGFBR1
9	110249346	C	G	KLF4
9	110249348	T	G	KLF4
9	127912061	G	A	PPP6C
9	127912080	G	A	PPP6C
9	137328351	C	A	RXRA
9	137328351	C	T	RXRA
9	139405633	A	C	NOTCH1
9	139405634	A	T	NOTCH1
9	139412233	A	G	NOTCH1
9	139412282	C	T	NOTCH1
9	139412325	A	C	NOTCH1
9	139412326	C	A	NOTCH1
9	139412326	C	G	NOTCH1
9	139412327	A	G	NOTCH1
9	139413049	G	A	NOTCH1
9	139413049	G	T	NOTCH1
9	139413213	C	T	NOTCH1
9	139413214	C	T	NOTCH1
10	8106058	T	A	GATA3
10	8106058	T	G	GATA3
10	8115744	A	G	GATA3
10	8115745	G	C	GATA3
10	8115746	A	T	GATA3
10	8115750	C	T	GATA3
10	8115751	G	A	GATA3
10	43617416	T	C	RET
10	70446314	C	T	TET1
10	89624272	-	A	PTEN
10	89624272	T	G	PTEN
10	89624274	T	A	PTEN
10	89624296	G	A	PTEN
10	89624296	G	C	PTEN
10	89624297	A	G	PTEN
10	89624297	A	T	PTEN
10	89624298	C	G	PTEN
10	89624305	T	A	PTEN
10	89624305	T	C	PTEN
10	89624305	T	G	PTEN
10	89653782	A	G	PTEN
10	89653783	T	A	PTEN
10	89653805	A	G	PTEN
10	89653805	A	T	PTEN
10	89653807	G	T	PTEN
10	89653814	C	T	PTEN
10	89653814	CC	TT	PTEN
10	89653815	C	T	PTEN
10	89685286	C	A	PTEN
10	89685286	C	T	PTEN
10	89685287	A	G	PTEN
10	89685300	C	A	PTEN
10	89685304	A	G	PTEN
10	89685305	T	A	PTEN
10	89685305	T	C	PTEN
10	89685307	T	A	PTEN
10	89685307	T	C	PTEN
10	89685308	A	G	PTEN
10	89685309	C	G	PTEN
10	89690805	G	A	PTEN
10	89690805	G	T	PTEN
10	89690806	T	A	PTEN
10	89692790	G	A	PTEN
10	89692790	G	C	PTEN
10	89692790	G	T	PTEN
10	89692791	A	G	PTEN
10	89692791	A	T	PTEN
10	89692792	C	G	PTEN
10	89692793	C	T	PTEN
10	89692794	A	C	PTEN
10	89692794	A	G	PTEN
10	89692794	A	T	PTEN
10	89692818	T	C	PTEN
10	89692829	T	A	PTEN
10	89692829	T	C	PTEN
10	89692829	T	G	PTEN
10	89692830	G	A	PTEN
10	89692831	T	A	PTEN
10	89692831	T	G	PTEN
10	89692847	T	C	PTEN
10	89692847	T	G	PTEN
10	89692848	G	A	PTEN
10	89692848	G	C	PTEN
10	89692849	G	A	PTEN
10	89692886	T	A	PTEN
10	89692886	T	C	PTEN
10	89692886	T	G	PTEN
10	89692887	G	A	PTEN
10	89692887	G	C	PTEN
10	89692892	G	T	PTEN
10	89692893	C	A	PTEN
10	89692893	C	G	PTEN
10	89692893	C	T	PTEN
10	89692895	G	A	PTEN
10	89692895	G	T	PTEN
10	89692896	G	A	PTEN
10	89692896	G	T	PTEN
10	89692901	G	A	PTEN
10	89692901	G	T	PTEN
10	89692902	G	A	PTEN
10	89692902	G	T	PTEN
10	89692903	ACGA	CAGT	PTEN
10	89692904	C	G	PTEN
10	89692904	C	T	PTEN
10	89692905	G	A	PTEN
10	89692905	G	C	PTEN
10	89692905	G	T	PTEN
10	89692910	G	A	PTEN
10	89692911	G	A	PTEN
10	89692911	G	C	PTEN
10	89692911	G	T	PTEN
10	89692922	T	C	PTEN
10	89692923	G	A	PTEN
10	89692923	G	T	PTEN
10	89692924	T	A	PTEN
10	89692935	T	G	PTEN
10	89692936	A	T	PTEN
10	89692953	T	G	PTEN
10	89692979	T	C	PTEN
10	89692980	A	G	PTEN
10	89711875	G	A	PTEN
10	89711875	GGAGTAACTATTCCCAGTCAGAGGC	TA	PTEN
10	89711876	G	A	PTEN
10	89711890	A	G	PTEN
10	89711891	G	A	PTEN
10	89711891	G	T	PTEN
10	89711893	C	A	PTEN
10	89711893	C	T	PTEN
10	89711894	A	G	PTEN
10	89711899	C	T	PTEN
10	89711900	G	A	PTEN
10	89711900	G	C	PTEN
10	89711902	T	C	PTEN
10	89711902	T	G	PTEN
10	89711904	T	A	PTEN
10	89711911	T	G	PTEN
10	89711912	A	G	PTEN
10	89711912	A	T	PTEN
10	89711913	T	A	PTEN
10	89711914	T	C	PTEN
10	89711915	A	G	PTEN
10	89711916	T	G	PTEN
10	89717672	C	T	PTEN
10	89717673	G	A	PTEN
10	89717715	T	A	PTEN
10	89717716	A	C	PTEN
10	89717727	G	A	PTEN
10	89717727	G	C	PTEN
10	89717727	G	T	PTEN
10	89720670	G	A	PTEN
10	89720670	GG	CT	PTEN
10	89720671	G	A	PTEN
10	89720678	A	G	PTEN
10	89720678	AC	TA	PTEN
10	89720679	C	T	PTEN
10	89720679	CA	AT	PTEN
10	89720807	T	G	PTEN
10	89720808	T	C	PTEN
10	89720808	T	G	PTEN
10	89720852	C	G	PTEN
10	89720852	C	T	PTEN
10	89720853	G	C	PTEN
10	89720857	C	G	PTEN
10	89725053	T	C	PTEN
10	89725053	T	G	PTEN
10	89725054	A	G	PTEN
10	89725055	C	G	PTEN
10	114925333	C	A	TCF7L2
10	114925333	C	T	TCF7L2
10	114925334	G	A	TCF7L2
10	123258034	A	C	FGFR2
10	123258035	T	C	FGFR2
10	123258035	T	G	FGFR2
10	123258036	T	G	FGFR2
10	123274773	C	T	FGFR2
10	123274774	A	G	FGFR2
10	123274794	T	C	FGFR2
10	123279605	A	C	FGFR2
10	123279606	A	T	FGFR2
10	123279674	G	A	FGFR2
10	123279674	G	C	FGFR2
10	123279677	G	A	FGFR2
10	123279677	G	C	FGFR2
10	123310820	C	T	FGFR2
10	123310821	G	A	FGFR2
11	533552	C	G	HRAS
11	533553	T	C	HRAS
11	533873	C	A	HRAS
11	533874	T	A	HRAS
11	533874	T	C	HRAS
11	533875	G	T	HRAS
11	534285	C	A	HRAS
11	534285	C	T	HRAS
11	534285	CC	AT	HRAS
11	534285	CC	TT	HRAS
11	534286	C	A	HRAS
11	534286	C	G	HRAS
11	534286	C	T	HRAS
11	534288	C	A	HRAS
11	534288	C	G	HRAS
11	534288	C	T	HRAS
11	534288	CC	TT	HRAS
11	534289	C	A	HRAS
11	534289	C	T	HRAS
11	14316389	T	A	RRAS2
11	14316390	T	A	RRAS2
11	17741693	C	A	MYOD1
11	17741694	T	G	MYOD1
11	61197646	T	G	SDHAF2
11	61197647	C	A	SDHAF2
11	61197647	C	T	SDHAF2
11	64129169	C	T	RPS6KA4
11	64137783	CC	TT	RPS6KA4
11	64137784	C	T	RPS6KA4
11	64137785	G	A	RPS6KA4
11	69456106	G	A	CCND1
11	69456108	A	T	CCND1
11	69456211	T	C	CCND1
11	69456211	T	G	CCND1
11	69456212	A	C	CCND1
11	69456212	A	G	CCND1
11	69456212	A	T	CCND1
11	69456213	C	G	CCND1
11	69456219	AT	TG	CCND1
11	69456220	T	A	CCND1
11	69466018	A	G	CCND1
11	69466019	C	T	CCND1
11	69466021	C	A	CCND1
11	69466021	C	G	CCND1
11	69466021	C	T	CCND1
11	69466022	C	G	CCND1
11	69466022	C	T	CCND1
11	71939260	G	A	INPPL1
11	71949087	C	A	INPPL1
11	100912815	C	T	PGR
11	100912816	G	A	PGR
11	108115600	C	T	ATM
11	108115601	G	C	ATM
11	108117798	C	T	ATM
11	108117799	G	A	ATM
11	108160488	C	T	ATM
11	108160489	G	A	ATM
11	108160489	G	C	ATM
11	108216545	C	A	ATM
11	108216545	C	T	ATM
11	108218045	A	C	ATM
11	108218045	A	G	ATM
11	108218046	T	A	ATM
11	108218083	A	T	ATM
11	108218084	T	C	ATM
11	108218088	TC	AA	ATM
11	108218089	C	G	ATM
11	108218090	T	C	ATM
11	108218090	T	G	ATM
11	108236086	C	T	ATM
11	108236087	G	A	ATM
11	108236087	G	T	ATM
11	118352585	C	T	KMT2A
11	119148930	T	C	CBL
11	119148932	T	G	CBL
12	1023068	C	T	RAD52
12	12022745	C	T	ETV6
12	12037474	C	T	ETV6
12	12037475	G	A	ETV6
12	12037475	G	T	ETV6
12	12870988	G	A	CDKN1B
12	12870988	G	C	CDKN1B
12	25378561	G	A	KRAS
12	25378562	C	G	KRAS
12	25378562	C	T	KRAS
12	25378647	T	G	KRAS
12	25378648	T	C	KRAS
12	25380275	T	G	KRAS
12	25380275	TT	AA	KRAS
12	25380275	TT	CG	KRAS
12	25380275	TT	GC	KRAS
12	25380276	T	A	KRAS
12	25380276	T	C	KRAS
12	25380276	T	G	KRAS
12	25380276	TG	GC	KRAS
12	25380277	G	C	KRAS
12	25380277	G	T	KRAS
12	25380279	C	T	KRAS
12	25380279	CCTG	ACTC	KRAS
12	25380280	C	T	KRAS
12	25380282	G	C	KRAS
12	25380282	G	T	KRAS
12	25380283	C	T	KRAS
12	25398220	A	T	KRAS
12	25398253	C	A	KRAS
12	25398255	G	T	KRAS
12	25398262	C	A	KRAS
12	25398280	GC	AA	KRAS
12	25398280	GC	TT	KRAS
12	25398281	C	A	KRAS
12	25398281	C	G	KRAS
12	25398281	C	T	KRAS
12	25398282	C	A	KRAS
12	25398282	C	G	KRAS
12	25398284	C	A	KRAS
12	25398284	C	G	KRAS
12	25398284	C	T	KRAS
12	25398284	CC	AA	KRAS
12	25398284	CC	AG	KRAS
12	25398284	CC	AT	KRAS
12	25398284	CC	GA	KRAS
12	25398285	C	A	KRAS
12	25398285	C	G	KRAS
12	25398285	C	T	KRAS
12	25398288	C	T	KRAS
12	25398306	T	C	KRAS
12	46230641	C	T	ARID2
12	46230691	C	A	ARID2
12	46230691	C	T	ARID2
12	49416416	C	T	KMT2D
12	49416417	G	A	KMT2D
12	49420213	C	A	KMT2D
12	49420213	C	G	KMT2D
12	49420213	C	T	KMT2D
12	49420214	G	A	KMT2D
12	49433394	G	A	KMT2D
12	49436599	G	A	KMT2D
12	49442450	G	T	KMT2D
12	50481161	C	T	SMARCD1
12	50481162	G	A	SMARCD1
12	50481162	G	T	SMARCD1
12	56477631	T	A	ERBB3
12	56477631	T	G	ERBB3
12	56478817	G	A	ERBB3
12	56478851	C	G	ERBB3
12	56478852	G	A	ERBB3
12	56478853	CG	AT	ERBB3
12	56478854	G	A	ERBB3
12	56478854	G	C	ERBB3
12	56478921	A	T	ERBB3
12	56478922	C	A	ERBB3
12	56481620	T	C	ERBB3
12	56481621	T	G	ERBB3
12	56481622	T	A	ERBB3
12	56481648	A	G	ERBB3
12	56481649	T	G	ERBB3
12	56481659	G	A	ERBB3
12	56481660	C	T	ERBB3
12	56481922	G	A	ERBB3
12	56482341	G	A	ERBB3
12	56482341	G	C	ERBB3
12	56482341	G	T	ERBB3
12	56482342	A	C	ERBB3
12	56482342	A	T	ERBB3
12	56482437	A	G	ERBB3
12	56482438	A	C	ERBB3
12	56482438	A	G	ERBB3
12	56482537	G	A	ERBB3
12	56482537	G	C	ERBB3
12	56482606	A	C	ERBB3
12	56482606	A	G	ERBB3
12	56482607	C	T	ERBB3
12	56487277	C	T	ERBB3
12	56491645	G	T	ERBB3
12	56492632	G	A	ERBB3
12	56492633	A	G	ERBB3
12	57861837	C	T	GLI1
12	57861838	G	A	GLI1
12	58145430	C	A	CDK4
12	58145430	C	T	CDK4
12	58145431	G	A	CDK4
12	58145431	G	T	CDK4
12	58145436	T	A	CDK4
12	58145437	T	G	CDK4
12	112888165	G	A	PTPN11
12	112888165	G	T	PTPN11
12	112888189	G	A	PTPN11
12	112888191	G	C	PTPN11
12	112888198	G	A	PTPN11
12	112888198	G	T	PTPN11
12	112888199	C	A	PTPN11
12	112888199	C	G	PTPN11
12	112888199	C	T	PTPN11
12	112888210	G	A	PTPN11
12	112888210	G	C	PTPN11
12	112888211	A	C	PTPN11
12	112888211	A	G	PTPN11
12	112910844	T	G	PTPN11
12	112915455	T	C	PTPN11
12	112915523	A	G	PTPN11
12	112915524	A	G	PTPN11
12	112926248	G	A	PTPN11
12	112926249	C	G	PTPN11
12	112926270	C	T	PTPN11
12	112926888	G	T	PTPN11
12	112926900	C	A	PTPN11
12	112926908	C	G	PTPN11
12	112926909	A	T	PTPN11
12	112926910	G	C	PTPN11
12	115120667	C	T	TBX3
12	115120668	C	T	TBX3
12	115120669	A	G	TBX3
12	121416650	A	C	HNF1A
12	121426649	C	T	HNF1A
12	121426650	G	A	HNF1A
12	121426650	G	T	HNF1A
12	121434122	G	C	HNF1A
12	121438871	C	A	HNF1A
12	133250289	C	A	POLE
12	133253184	G	A	POLE
12	133253184	G	C	POLE
12	133253184	G	T	POLE
12	133253185	G	A	POLE
12	133253185	G	T	POLE
12	133263850	C	T	POLE
13	28592640	A	C	FLT3
13	28592641	T	A	FLT3
13	28592642	C	A	FLT3
13	28592642	C	G	FLT3
13	32918761	C	T	BRCA2
13	41239736	C	T	FOXO1
13	41239736	CTGT	TAGC	FOXO1
13	41240278	GG	CA	FOXO1
13	41240279	G	A	FOXO1
13	41240285	G	C	FOXO1
13	41240286	A	G	FOXO1
13	48936983	C	T	RB1
13	48936984	G	A	RB1
13	48941648	C	T	RB1
13	48953730	C	T	RB1
13	48953760	C	T	RB1
13	48954198	C	T	RB1
13	48955538	C	T	RB1
13	49027167	CC	TT	RB1
13	49027168	C	T	RB1
13	49030342	A	G	RB1
13	49030343	T	A	RB1
13	49039373	TC	AT	RB1
13	49039374	C	T	RB1
13	49039375	G	A	RB1
13	49281339	T	A	CYSLTR2
13	73336063	T	G	DIS3
13	73336064	C	G	DIS3
13	73336064	C	T	DIS3
13	73336065	T	C	DIS3
13	73336102	T	A	DIS3
13	73337650	C	T	DIS3
13	73337651	G	C	DIS3
13	73346337	T	C	DIS3
13	73346337	T	G	DIS3
13	73346338	C	A	DIS3
13	73346338	C	G	DIS3
13	73346338	C	T	DIS3
13	73346364	T	A	DIS3
13	73346364	T	C	DIS3
13	73346365	C	A	DIS3
13	73346365	C	G	DIS3
13	73347916	C	T	DIS3
13	73347917	G	C	DIS3
13	110435231	C	T	IRS2
14	38061191	G	T	FOXA1
14	38061192	A	C	FOXA1
14	38061192	A	G	FOXA1
14	38061193	A	C	FOXA1
14	38061193	A	G	FOXA1
14	38061193	A	T	FOXA1
14	38061207	C	T	FOXA1
14	38061208	G	A	FOXA1
14	38061208	G	C	FOXA1
14	38061208	G	T	FOXA1
14	38061213	T	A	FOXA1
14	38061213	T	C	FOXA1
14	38061213	T	G	FOXA1
14	38061231	A	C	FOXA1
14	38061231	A	G	FOXA1
14	38061231	A	T	FOXA1
14	38061240	G	A	FOXA1
14	38061240	G	T	FOXA1
14	38061248	G	C	FOXA1
14	38061249	T	A	FOXA1
14	38061249	T	C	FOXA1
14	38061250	G	A	FOXA1
14	38061264	G	A	FOXA1
14	38061264	G	T	FOXA1
14	38061312	T	C	FOXA1
14	38061313	C	T	FOXA1
14	38061334	G	A	FOXA1
14	38061334	G	C	FOXA1
14	38061334	G	T	FOXA1
14	38061461	G	C	FOXA1
14	38061463	T	C	FOXA1
14	65544747	C	T	MAX
14	65544748	G	A	MAX
14	65560491	T	A	MAX
14	65560514	T	C	MAX
14	95557629	T	C	DICER1
14	95557629	T	G	DICER1
14	95557630	C	G	DICER1
14	95557630	C	T	DICER1
14	95557638	T	A	DICER1
14	95557638	T	G	DICER1
14	95557639	C	A	DICER1
14	95557639	C	G	DICER1
14	95557639	C	T	DICER1
14	95560464	C	T	DICER1
14	95569702	G	A	DICER1
14	95569702	GA	AT	DICER1
14	105239419	T	C	AKT1
14	105239420	C	A	AKT1
14	105239420	C	T	AKT1
14	105243048	G	T	AKT1
14	105246445	A	C	AKT1
14	105246445	A	T	AKT1
14	105246551	C	A	AKT1
14	105246551	C	T	AKT1
15	38643575	A	T	SPRED1
15	38643577	G	T	SPRED1
15	40675071	T	G	KNSTRN
15	40675100	T	A	KNSTRN
15	40675101	G	A	KNSTRN
15	40675107	C	T	KNSTRN
15	40675118	C	T	KNSTRN
15	40675118	CC	TT	KNSTRN
15	40675119	C	T	KNSTRN
15	42021428	C	T	MGA
15	45003764	T	C	B2M
15	45003764	T	G	B2M
15	45003779	T	A	B2M
15	45003779	T	C	B2M
15	66727441	T	A	MAP2K1
15	66727441	T	C	MAP2K1
15	66727441	T	G	MAP2K1
15	66727442	T	G	MAP2K1
15	66727443	T	G	MAP2K1
15	66727451	A	C	MAP2K1
15	66727453	A	G	MAP2K1
15	66727454	A	C	MAP2K1
15	66727455	G	C	MAP2K1
15	66729153	T	A	MAP2K1
15	66729154	G	C	MAP2K1
15	66729156	A	G	MAP2K1
15	66729162	C	T	MAP2K1
15	66729162	CC	AT	MAP2K1
15	66729163	C	A	MAP2K1
15	66729163	C	G	MAP2K1
15	66729163	C	T	MAP2K1
15	66729174	G	C	MAP2K1
15	66729175	G	A	MAP2K1
15	66729175	G	T	MAP2K1
15	66729180	T	A	MAP2K1
15	66729180	T	C	MAP2K1
15	66729181	A	G	MAP2K1
15	66774131	G	A	MAP2K1
15	66774132	A	T	MAP2K1
15	67473722	C	T	SMAD3
15	67473723	G	A	SMAD3
15	67473779	C	T	SMAD3
15	67473780	G	A	SMAD3
15	90631837	C	A	IDH2
15	90631838	C	A	IDH2
15	90631838	C	G	IDH2
15	90631838	C	T	IDH2
15	90631839	T	A	IDH2
15	90631839	T	C	IDH2
15	90631934	C	A	IDH2
15	90631934	C	T	IDH2
15	90631935	G	A	IDH2
15	99251081	G	A	IGF1R
15	99251082	G	C	IGF1R
16	2222281	C	T	TRAF7
16	2222282	G	C	TRAF7
16	2222282	GG	TT	TRAF7
16	2225555	A	T	TRAF7
16	2225556	A	G	TRAF7
16	2647217	C	T	PDPK1
16	2647218	C	T	PDPK1
16	3786703	T	C	CREBBP
16	3786703	T	G	CREBBP
16	3786704	A	C	CREBBP
16	3786704	A	G	CREBBP
16	3786704	A	T	CREBBP
16	3786705	C	A	CREBBP
16	3786706	C	A	CREBBP
16	3786706	C	T	CREBBP
16	3786707	A	T	CREBBP
16	3786715	A	C	CREBBP
16	3786715	A	G	CREBBP
16	3786715	A	T	CREBBP
16	3786766	T	C	CREBBP
16	3786767	A	C	CREBBP
16	3786767	A	G	CREBBP
16	3786767	A	T	CREBBP
16	3786795	C	A	CREBBP
16	3786796	C	G	CREBBP
16	3786797	A	C	CREBBP
16	3786797	A	G	CREBBP
16	3788605	T	C	CREBBP
16	3788606	A	C	CREBBP
16	3788606	A	T	CREBBP
16	3788617	C	A	CREBBP
16	3788617	C	G	CREBBP
16	3788617	C	T	CREBBP
16	3788618	G	A	CREBBP
16	3788618	G	C	CREBBP
16	3788618	G	T	CREBBP
16	3788650	T	C	CREBBP
16	3788651	C	A	CREBBP
16	3788651	C	G	CREBBP
16	3788651	C	T	CREBBP
16	3788662	A	C	CREBBP
16	3788662	A	T	CREBBP
16	3788663	T	C	CREBBP
16	11349328	G	T	SOCS1
16	11349328	GC	CT	SOCS1
16	11349329	C	G	SOCS1
16	11349329	C	T	SOCS1
16	56782199	G	A	NUP93
16	56782202	C	A	NUP93
16	56782202	C	T	NUP93
16	67070594	G	A	CBFB
16	67070595	G	A	CBFB
16	67645412	A	G	CTCF
16	67645922	C	A	CTCF
16	67645922	C	T	CTCF
16	67645923	A	C	CTCF
16	67645934	C	G	CTCF
16	67645934	C	T	CTCF
16	67645935	A	G	CTCF
16	67650756	C	A	CTCF
16	67650756	C	T	CTCF
16	67654642	C	T	CTCF
16	67654643	G	A	CTCF
16	67655479	C	T	CTCF
16	68772218	C	T	CDH1
16	68835596	C	G	CDH1
16	68835596	C	T	CDH1
16	68835597	G	C	CDH1
16	68842633	A	G	CDH1
16	68844172	G	A	CDH1
16	68844172	G	T	CDH1
16	68844174	T	A	CDH1
16	68845616	G	A	CDH1
16	68845617	A	T	CDH1
16	68845757	C	T	CDH1
16	68845758	G	A	CDH1
16	89351844	T	C	ANKRD11
17	7574002	C	G	TP53
17	7574003	G	A	TP53
17	7574017	C	A	TP53
17	7574017	C	G	TP53
17	7574017	C	T	TP53
17	7574018	G	A	TP53
17	7574018	G	C	TP53
17	7574018	G	T	TP53
17	7576853	C	A	TP53
17	7576855	G	A	TP53
17	7576897	G	A	TP53
17	7577021	C	T	TP53
17	7577022	G	A	TP53
17	7577046	C	A	TP53
17	7577046	C	G	TP53
17	7577058	C	A	TP53
17	7577081	T	A	TP53
17	7577081	T	C	TP53
17	7577081	T	G	TP53
17	7577082	C	A	TP53
17	7577082	C	G	TP53
17	7577082	C	T	TP53
17	7577083	CTC	TTT	TP53
17	7577084	T	A	TP53
17	7577085	C	A	TP53
17	7577085	C	G	TP53
17	7577085	C	T	TP53
17	7577093	C	A	TP53
17	7577093	C	G	TP53
17	7577093	C	T	TP53
17	7577094	G	A	TP53
17	7577094	G	C	TP53
17	7577095	G	T	TP53
17	7577096	T	A	TP53
17	7577096	T	C	TP53
17	7577096	T	G	TP53
17	7577096	TC	GG	TP53
17	7577097	C	A	TP53
17	7577097	C	G	TP53
17	7577097	C	T	TP53
17	7577098	T	G	TP53
17	7577099	C	A	TP53
17	7577099	C	G	TP53
17	7577099	C	T	TP53
17	7577100	T	A	TP53
17	7577100	T	C	TP53
17	7577105	G	A	TP53
17	7577105	G	C	TP53
17	7577105	G	T	TP53
17	7577105	GG	AA	TP53
17	7577106	G	A	TP53
17	7577106	G	C	TP53
17	7577106	G	T	TP53
17	7577107	A	C	TP53
17	7577107	A	T	TP53
17	7577108	C	A	TP53
17	7577108	C	T	TP53
17	7577109	A	C	TP53
17	7577113	A	C	TP53
17	7577113	A	T	TP53
17	7577114	C	A	TP53
17	7577114	C	G	TP53
17	7577114	C	T	TP53
17	7577115	A	C	TP53
17	7577115	A	G	TP53
17	7577117	A	C	TP53
17	7577117	A	G	TP53
17	7577117	A	T	TP53
17	7577118	C	A	TP53
17	7577118	C	G	TP53
17	7577120	C	A	TP53
17	7577120	C	G	TP53
17	7577120	C	T	TP53
17	7577121	G	A	TP53
17	7577121	G	C	TP53
17	7577121	G	T	TP53
17	7577123	A	C	TP53
17	7577123	A	G	TP53
17	7577123	A	T	TP53
17	7577123	AC	TT	TP53
17	7577124	C	A	TP53
17	7577124	C	T	TP53
17	7577126	T	A	TP53
17	7577127	C	A	TP53
17	7577127	C	G	TP53
17	7577127	C	T	TP53
17	7577128	A	C	TP53
17	7577129	A	C	TP53
17	7577129	A	G	TP53
17	7577130	A	C	TP53
17	7577130	A	G	TP53
17	7577130	A	T	TP53
17	7577137	CC	AA	TP53
17	7577138	C	A	TP53
17	7577138	C	G	TP53
17	7577138	C	T	TP53
17	7577139	G	A	TP53
17	7577139	G	C	TP53
17	7577141	C	A	TP53
17	7577141	C	T	TP53
17	7577141	CC	GT	TP53
17	7577141	CC	TT	TP53
17	7577142	C	A	TP53
17	7577142	C	T	TP53
17	7577144	A	C	TP53
17	7577144	A	G	TP53
17	7577145	G	T	TP53
17	7577153	C	A	TP53
17	7577505	T	A	TP53
17	7577506	C	A	TP53
17	7577506	C	T	TP53
17	7577506	CT	GA	TP53
17	7577507	T	A	TP53
17	7577508	T	A	TP53
17	7577508	T	C	TP53
17	7577508	T	G	TP53
17	7577509	C	A	TP53
17	7577509	C	G	TP53
17	7577509	C	T	TP53
17	7577511	A	C	TP53
17	7577511	A	G	TP53
17	7577511	A	T	TP53
17	7577512	G	C	TP53
17	7577516	GA	AG	TP53
17	7577517	A	C	TP53
17	7577517	A	G	TP53
17	7577517	A	T	TP53
17	7577518	T	A	TP53
17	7577519	G	C	TP53
17	7577520	A	C	TP53
17	7577520	A	T	TP53
17	7577521	T	A	TP53
17	7577521	T	C	TP53
17	7577521	T	G	TP53
17	7577528	G	C	TP53
17	7577528	GA	AT	TP53
17	7577529	A	C	TP53
17	7577529	A	T	TP53
17	7577530	T	A	TP53
17	7577531	GG	AA	TP53
17	7577532	G	A	TP53
17	7577532	G	C	TP53
17	7577534	C	A	TP53
17	7577534	CC	AA	TP53
17	7577534	CCT	ACC	TP53
17	7577535	C	A	TP53
17	7577535	C	G	TP53
17	7577535	C	T	TP53
17	7577536	T	A	TP53
17	7577536	T	C	TP53
17	7577537	CC	TT	TP53
17	7577538	C	A	TP53
17	7577538	C	G	TP53
17	7577538	C	T	TP53
17	7577539	G	A	TP53
17	7577539	G	C	TP53
17	7577540	GT	TA	TP53
17	7577541	T	A	TP53
17	7577543	C	G	TP53
17	7577544	A	C	TP53
17	7577544	A	G	TP53
17	7577544	A	T	TP53
17	7577545	T	C	TP53
17	7577545	T	G	TP53
17	7577547	C	A	TP53
17	7577547	C	G	TP53
17	7577547	C	T	TP53
17	7577547	CC	TT	TP53
17	7577548	C	A	TP53
17	7577548	C	G	TP53
17	7577548	C	T	TP53
17	7577550	C	A	TP53
17	7577550	C	G	TP53
17	7577550	C	T	TP53
17	7577550	CC	AA	TP53
17	7577551	C	A	TP53
17	7577551	C	G	TP53
17	7577551	C	T	TP53
17	7577555	G	C	TP53
17	7577555	G	T	TP53
17	7577555	GC	CG	TP53
17	7577556	C	A	TP53
17	7577556	C	G	TP53
17	7577556	C	T	TP53
17	7577557	A	C	TP53
17	7577557	A	G	TP53
17	7577557	A	T	TP53
17	7577558	GG	AA	TP53
17	7577559	G	A	TP53
17	7577559	G	C	TP53
17	7577559	G	T	TP53
17	7577560	A	C	TP53
17	7577560	A	G	TP53
17	7577560	A	T	TP53
17	7577564	G	T	TP53
17	7577565	T	C	TP53
17	7577565	T	G	TP53
17	7577566	T	C	TP53
17	7577566	T	G	TP53
17	7577567	A	C	TP53
17	7577568	C	A	TP53
17	7577568	C	G	TP53
17	7577568	C	T	TP53
17	7577569	A	C	TP53
17	7577569	A	G	TP53
17	7577569	A	T	TP53
17	7577570	C	T	TP53
17	7577571	A	T	TP53
17	7577572	T	C	TP53
17	7577573	G	T	TP53
17	7577574	T	C	TP53
17	7577574	T	G	TP53
17	7577575	A	C	TP53
17	7577575	A	G	TP53
17	7577575	A	T	TP53
17	7577579	G	T	TP53
17	7577580	T	C	TP53
17	7577580	T	G	TP53
17	7577581	A	C	TP53
17	7577581	A	G	TP53
17	7577581	A	T	TP53
17	7577586	A	C	TP53
17	7577586	A	G	TP53
17	7577586	A	T	TP53
17	7577587	T	A	TP53
17	7578189	A	T	TP53
17	7578190	T	C	TP53
17	7578190	T	G	TP53
17	7578191	A	C	TP53
17	7578191	A	G	TP53
17	7578191	A	T	TP53
17	7578196	A	C	TP53
17	7578196	A	T	TP53
17	7578197	C	A	TP53
17	7578197	CC	TT	TP53
17	7578202	A	C	TP53
17	7578202	A	T	TP53
17	7578203	C	G	TP53
17	7578203	C	T	TP53
17	7578204	A	T	TP53
17	7578205	C	A	TP53
17	7578205	C	G	TP53
17	7578205	C	T	TP53
17	7578206	T	A	TP53
17	7578206	T	C	TP53
17	7578206	T	G	TP53
17	7578207	A	C	TP53
17	7578208	T	A	TP53
17	7578208	T	C	TP53
17	7578208	T	G	TP53
17	7578211	C	A	TP53
17	7578211	C	G	TP53
17	7578211	C	T	TP53
17	7578212	G	A	TP53
17	7578212	G	C	TP53
17	7578225	G	T	TP53
17	7578226	T	A	TP53
17	7578226	T	C	TP53
17	7578227	C	T	TP53
17	7578234	-	T	TP53
17	7578235	T	A	TP53
17	7578235	T	C	TP53
17	7578235	T	G	TP53
17	7578236	A	C	TP53
17	7578236	A	G	TP53
17	7578236	A	T	TP53
17	7578257	C	A	TP53
17	7578259	A	C	TP53
17	7578259	A	T	TP53
17	7578260	C	A	TP53
17	7578260	C	T	TP53
17	7578262	C	A	TP53
17	7578262	C	G	TP53
17	7578262	C	T	TP53
17	7578263	G	A	TP53
17	7578264	G	C	TP53
17	7578264	GA	TT	TP53
17	7578265	A	C	TP53
17	7578265	A	G	TP53
17	7578265	A	T	TP53
17	7578266	T	A	TP53
17	7578268	A	C	TP53
17	7578268	A	G	TP53
17	7578268	A	T	TP53
17	7578269	G	A	TP53
17	7578270	A	T	TP53
17	7578271	T	A	TP53
17	7578271	T	C	TP53
17	7578271	T	G	TP53
17	7578272	G	A	TP53
17	7578272	G	C	TP53
17	7578272	G	T	TP53
17	7578274	T	A	TP53
17	7578275	G	A	TP53
17	7578280	G	A	TP53
17	7578280	G	C	TP53
17	7578281	G	A	TP53
17	7578281	G	T	TP53
17	7578388	C	G	TP53
17	7578388	C	T	TP53
17	7578389	G	A	TP53
17	7578393	A	C	TP53
17	7578394	T	A	TP53
17	7578394	T	C	TP53
17	7578394	T	G	TP53
17	7578395	G	A	TP53
17	7578395	G	C	TP53
17	7578395	G	T	TP53
17	7578396	G	T	TP53
17	7578397	T	G	TP53
17	7578398	G	C	TP53
17	7578398	G	T	TP53
17	7578402	G	C	TP53
17	7578402	G	T	TP53
17	7578403	C	A	TP53
17	7578403	C	G	TP53
17	7578403	C	T	TP53
17	7578404	A	C	TP53
17	7578404	A	G	TP53
17	7578404	A	T	TP53
17	7578406	C	A	TP53
17	7578406	C	T	TP53
17	7578407	G	A	TP53
17	7578407	G	C	TP53
17	7578412	A	C	TP53
17	7578412	A	G	TP53
17	7578412	A	T	TP53
17	7578413	C	A	TP53
17	7578413	C	T	TP53
17	7578415	A	C	TP53
17	7578415	A	T	TP53
17	7578416	C	A	TP53
17	7578427	T	A	TP53
17	7578427	T	C	TP53
17	7578427	T	G	TP53
17	7578428	GCTG	ACTA	TP53
17	7578431	G	A	TP53
17	7578435	C	A	TP53
17	7578437	G	A	TP53
17	7578440	T	A	TP53
17	7578440	T	C	TP53
17	7578441	G	T	TP53
17	7578442	T	C	TP53
17	7578443	A	C	TP53
17	7578443	A	G	TP53
17	7578443	A	T	TP53
17	7578448	G	A	TP53
17	7578448	G	T	TP53
17	7578449	C	A	TP53
17	7578449	C	T	TP53
17	7578454	G	A	TP53
17	7578454	G	T	TP53
17	7578455	C	G	TP53
17	7578457	C	A	TP53
17	7578457	C	G	TP53
17	7578457	C	T	TP53
17	7578457	CG	AA	TP53
17	7578458	G	A	TP53
17	7578458	G	C	TP53
17	7578458	G	T	TP53
17	7578460	A	C	TP53
17	7578460	A	G	TP53
17	7578460	A	T	TP53
17	7578461	C	A	TP53
17	7578461	C	G	TP53
17	7578466	G	A	TP53
17	7578466	G	T	TP53
17	7578467	T	G	TP53
17	7578469	C	A	TP53
17	7578469	C	T	TP53
17	7578470	C	A	TP53
17	7578475	G	A	TP53
17	7578475	G	C	TP53
17	7578475	G	T	TP53
17	7578475	GG	TT	TP53
17	7578476	G	A	TP53
17	7578476	G	T	TP53
17	7578478	G	A	TP53
17	7578478	G	C	TP53
17	7578478	G	T	TP53
17	7578478	GG	AA	TP53
17	7578479	G	A	TP53
17	7578479	G	C	TP53
17	7578479	G	T	TP53
17	7578492	C	G	TP53
17	7578492	C	T	TP53
17	7578493	C	G	TP53
17	7578493	C	T	TP53
17	7578494	A	C	TP53
17	7578498	C	A	TP53
17	7578498	CT	GG	TP53
17	7578499	T	A	TP53
17	7578499	T	G	TP53
17	7578500	G	A	TP53
17	7578502	A	C	TP53
17	7578502	A	G	TP53
17	7578502	A	T	TP53
17	7578503	C	T	TP53
17	7578507	G	C	TP53
17	7578507	G	T	TP53
17	7578508	C	A	TP53
17	7578508	C	G	TP53
17	7578508	C	T	TP53
17	7578509	A	C	TP53
17	7578509	A	G	TP53
17	7578522	T	A	TP53
17	7578523	T	A	TP53
17	7578523	T	G	TP53
17	7578524	G	A	TP53
17	7578524	G	C	TP53
17	7578525	G	C	TP53
17	7578525	G	T	TP53
17	7578526	C	A	TP53
17	7578526	C	G	TP53
17	7578526	C	T	TP53
17	7578527	A	C	TP53
17	7578527	A	G	TP53
17	7578527	A	T	TP53
17	7578528	A	T	TP53
17	7578529	A	C	TP53
17	7578529	A	G	TP53
17	7578530	A	C	TP53
17	7578530	A	G	TP53
17	7578530	A	T	TP53
17	7578531	C	A	TP53
17	7578532	A	C	TP53
17	7578532	A	G	TP53
17	7578532	A	T	TP53
17	7578534	C	G	TP53
17	7578535	T	A	TP53
17	7578535	T	C	TP53
17	7578535	T	G	TP53
17	7578536	T	A	TP53
17	7578536	T	C	TP53
17	7578536	T	G	TP53
17	7578537	G	C	TP53
17	7578538	T	A	TP53
17	7578538	T	C	TP53
17	7578541	A	C	TP53
17	7578541	A	G	TP53
17	7578541	A	T	TP53
17	7578542	G	A	TP53
17	7578542	G	C	TP53
17	7578550	G	A	TP53
17	7578550	G	C	TP53
17	7578550	G	T	TP53
17	7578551	A	G	TP53
17	7578551	A	T	TP53
17	7578552	G	C	TP53
17	7578553	T	C	TP53
17	7578553	T	G	TP53
17	7578554	A	C	TP53
17	7578554	A	G	TP53
17	7578554	A	T	TP53
17	7579313	G	A	TP53
17	7579313	G	C	TP53
17	7579313	G	T	TP53
17	7579314	T	C	TP53
17	7579314	T	G	TP53
17	7579327	C	A	TP53
17	7579328	T	A	TP53
17	7579329	T	A	TP53
17	7579329	T	C	TP53
17	7579348	G	C	TP53
17	7579348	GAA	AGG	TP53
17	7579349	A	C	TP53
17	7579349	A	G	TP53
17	7579350	A	C	TP53
17	7579355	A	C	TP53
17	7579355	A	G	TP53
17	7579355	A	T	TP53
17	7579356	G	T	TP53
17	7579358	C	A	TP53
17	7579358	C	G	TP53
17	7579358	C	T	TP53
17	7579359	GG	AA	TP53
17	7579361	A	C	TP53
17	7579361	A	G	TP53
17	7579362	A	C	TP53
17	7579362	A	T	TP53
17	7579366	G	T	TP53
17	7579368	A	C	TP53
17	7579373	C	A	TP53
17	7579373	C	T	TP53
17	7579374	C	A	TP53
17	7579374	C	G	TP53
17	7579374	C	T	TP53
17	7579375	C	A	TP53
17	7579377	G	A	TP53
17	7579414	C	T	TP53
17	7579415	C	T	TP53
17	7579528	C	T	TP53
17	7579529	C	T	TP53
17	11984782	C	T	MAP2K4
17	11984783	G	A	MAP2K4
17	11984783	G	C	MAP2K4
17	11984783	G	T	MAP2K4
17	11998898	C	T	MAP2K4
17	11998899	G	A	MAP2K4
17	11998899	G	T	MAP2K4
17	12011144	C	G	MAP2K4
17	12011144	C	T	MAP2K4
17	29533315	C	T	NF1
17	29533316	G	A	NF1
17	29533378	C	T	NF1
17	29533379	G	A	NF1
17	29562641	C	T	NF1
17	29654856	C	T	NF1
17	29654857	G	A	NF1
17	29677227	C	T	NF1
17	29677228	G	A	NF1
17	30267331	C	T	SUZ12
17	30267332	G	A	SUZ12
17	37667784	G	A	CDK12
17	37864656	G	A	ERBB2
17	37864760	C	T	ERBB2
17	37864761	G	A	ERBB2
17	37866662	G	C	ERBB2
17	37866662	G	T	ERBB2
17	37866663	A	G	ERBB2
17	37866663	A	T	ERBB2
17	37866710	G	A	ERBB2
17	37866710	G	C	ERBB2
17	37866711	C	T	ERBB2
17	37868208	C	A	ERBB2
17	37868208	C	T	ERBB2
17	37879601	T	A	ERBB2
17	37879601	TT	AG	ERBB2
17	37879603	G	C	ERBB2
17	37879604	G	A	ERBB2
17	37879657	C	T	ERBB2
17	37879658	G	A	ERBB2
17	37879794	G	C	ERBB2
17	37879903	C	T	ERBB2
17	37880219	T	A	ERBB2
17	37880219	TT	CC	ERBB2
17	37880219	TT	GC	ERBB2
17	37880220	T	C	ERBB2
17	37880220	T	G	ERBB2
17	37880257	C	G	ERBB2
17	37880261	G	C	ERBB2
17	37880261	G	T	ERBB2
17	37880997	G	A	ERBB2
17	37880998	G	T	ERBB2
17	37881000	G	A	ERBB2
17	37881000	G	T	ERBB2
17	37881332	G	A	ERBB2
17	37881392	A	G	ERBB2
17	37881414	T	G	ERBB2
17	38510602	T	A	RARA
17	38510603	T	C	RARA
17	38510603	T	G	RARA
17	40474419	T	A	STAT3
17	40474420	C	A	STAT3
17	40475068	G	T	STAT3
17	40475070	T	G	STAT3
17	40481576	T	C	STAT3
17	40481576	T	G	STAT3
17	40481653	A	C	STAT3
17	40481654	A	T	STAT3
17	40481655	A	C	STAT3
17	47696424	G	C	SPOP
17	47696425	A	C	SPOP
17	47696425	A	G	SPOP
17	47696426	A	C	SPOP
17	47696426	A	G	SPOP
17	47696426	A	T	SPOP
17	47696430	C	G	SPOP
17	47696431	C	A	SPOP
17	47696431	C	G	SPOP
17	47696432	A	C	SPOP
17	47696432	A	G	SPOP
17	47696438	T	C	SPOP
17	47696448	A	C	SPOP
17	47696449	A	C	SPOP
17	47696450	A	C	SPOP
17	47696450	A	G	SPOP
17	47696450	A	T	SPOP
17	47696599	T	C	SPOP
17	47696642	G	C	SPOP
17	47696643	A	C	SPOP
17	47696643	A	G	SPOP
17	47696644	A	C	SPOP
17	47696644	A	T	SPOP
17	47696688	T	C	SPOP
17	47696688	T	G	SPOP
17	47696689	A	C	SPOP
17	47696689	A	T	SPOP
17	56436026	G	A	RNF43
17	56440904	G	A	RNF43
17	56440943	G	A	RNF43
17	56448390	T	C	RNF43
17	56448391	G	A	RNF43
17	56770065	C	A	RAD51C
17	56770065	C	G	RAD51C
17	56770065	C	T	RAD51C
17	56780655	T	C	RAD51C
17	58740668	G	T	PPM1D
17	62006798	T	A	CD79B
17	62006798	T	C	CD79B
17	62006798	T	G	CD79B
17	62006798	TA	CG	CD79B
17	62006799	A	C	CD79B
17	62006799	A	G	CD79B
17	62006799	A	T	CD79B
17	74732959	G	A	SRSF2
17	74732959	G	C	SRSF2
17	74732959	G	T	SRSF2
17	78681708	G	A	RPTOR
18	45368211	G	C	SMAD2
18	45368213	G	T	SMAD2
18	45368214	C	A	SMAD2
18	45374881	C	T	SMAD2
18	45374882	G	A	SMAD2
18	45374929	G	A	SMAD2
18	45374929	G	T	SMAD2
18	45374930	G	T	SMAD2
18	45374935	G	A	SMAD2
18	45374935	G	C	SMAD2
18	45394805	G	A	SMAD2
18	48575089	T	C	SMAD4
18	48575090	A	G	SMAD4
18	48575091	T	G	SMAD4
18	48575159	C	T	SMAD4
18	48581229	C	A	SMAD4
18	48591825	G	A	SMAD4
18	48591825	G	C	SMAD4
18	48591825	G	T	SMAD4
18	48591826	A	G	SMAD4
18	48591888	G	A	SMAD4
18	48591888	G	C	SMAD4
18	48591888	G	T	SMAD4
18	48591889	A	C	SMAD4
18	48591889	A	G	SMAD4
18	48591889	A	T	SMAD4
18	48591891	G	A	SMAD4
18	48591891	G	T	SMAD4
18	48591891	GG	TT	SMAD4
18	48591892	G	A	SMAD4
18	48591892	G	C	SMAD4
18	48591892	G	T	SMAD4
18	48591894	T	A	SMAD4
18	48591894	T	G	SMAD4
18	48591895	A	G	SMAD4
18	48591900	G	T	SMAD4
18	48591901	A	G	SMAD4
18	48591901	A	T	SMAD4
18	48591903	C	T	SMAD4
18	48591904	C	A	SMAD4
18	48591904	C	G	SMAD4
18	48591904	C	T	SMAD4
18	48591918	C	A	SMAD4
18	48591918	C	G	SMAD4
18	48591918	C	T	SMAD4
18	48591919	G	A	SMAD4
18	48591919	G	C	SMAD4
18	48591919	G	T	SMAD4
18	48591924	T	C	SMAD4
18	48591925	G	A	SMAD4
18	48591925	G	C	SMAD4
18	48591925	G	T	SMAD4
18	48593405	G	A	SMAD4
18	48593405	G	C	SMAD4
18	48593405	G	T	SMAD4
18	48593406	G	A	SMAD4
18	48593406	G	C	SMAD4
18	48593406	G	T	SMAD4
18	48593504	G	A	SMAD4
18	48593504	G	T	SMAD4
18	48593505	G	T	SMAD4
18	48603032	C	T	SMAD4
18	48603033	G	A	SMAD4
18	48604655	G	A	SMAD4
18	48604655	G	C	SMAD4
18	48604656	A	C	SMAD4
18	48604656	A	G	SMAD4
18	48604706	G	A	SMAD4
18	48604706	G	T	SMAD4
18	48604707	G	A	SMAD4
18	48604707	G	C	SMAD4
18	48604748	T	A	SMAD4
18	48604749	G	C	SMAD4
18	48604749	G	T	SMAD4
18	48604750	G	C	SMAD4
18	48604754	G	A	SMAD4
18	48604754	G	C	SMAD4
18	48604754	G	T	SMAD4
18	48604755	A	C	SMAD4
18	48604755	A	T	SMAD4
18	48604756	A	C	SMAD4
18	48604778	C	T	SMAD4
18	48604779	A	C	SMAD4
18	48604785	T	A	SMAD4
18	48604785	T	C	SMAD4
18	48604785	T	G	SMAD4
18	48604787	G	C	SMAD4
18	48604787	G	T	SMAD4
18	48604788	A	C	SMAD4
18	48604788	A	G	SMAD4
18	48604788	A	T	SMAD4
18	48604789	C	G	SMAD4
18	60985384	GTT	CTG	BCL2
18	60985385	T	C	BCL2
18	60985508	G	A	BCL2
18	60985508	G	T	BCL2
18	60985509	C	T	BCL2
18	60985803	C	T	BCL2
18	60985835	T	C	BCL2
18	60985836	T	A	BCL2
19	1207162	A	T	STK11
19	1220400	G	A	STK11
19	1220400	G	C	STK11
19	1220400	G	T	STK11
19	1220427	C	G	STK11
19	1220427	C	T	STK11
19	1220428	A	G	STK11
19	1220428	A	T	STK11
19	1220443	C	A	STK11
19	1220443	C	G	STK11
19	1220443	C	T	STK11
19	1220448	A	T	STK11
19	1220449	A	C	STK11
19	1220449	A	G	STK11
19	1220449	A	T	STK11
19	1220487	G	A	STK11
19	1220487	G	C	STK11
19	1220487	G	T	STK11
19	1220488	A	G	STK11
19	1220488	A	T	STK11
19	1220493	G	C	STK11
19	1220494	G	T	STK11
19	1220629	C	T	STK11
19	1220640	C	T	STK11
19	1220641	A	C	STK11
19	1220643	C	T	STK11
19	1220644	C	T	STK11
19	1220649	G	A	STK11
19	1220649	G	T	STK11
19	1220650	A	T	STK11
19	1220698	G	C	STK11
19	1220699	G	A	STK11
19	1220699	G	T	STK11
19	1220706	G	A	STK11
19	1220706	G	T	STK11
19	1220707	G	T	STK11
19	1221228	G	C	STK11
19	1221228	G	T	STK11
19	1221229	G	T	STK11
19	1222986	G	T	STK11
19	1222987	G	A	STK11
19	1222987	G	T	STK11
19	1612366	A	C	TCF3
19	3115012	C	T	GNA11
19	3115013	G	A	GNA11
19	3118942	A	C	GNA11
19	3118942	A	T	GNA11
19	3118943	G	T	GNA11
19	4117549	A	T	MAP2K2
19	4117551	A	C	MAP2K2
19	4117551	A	G	MAP2K2
19	5214591	C	T	PTPRS
19	5214592	G	A	PTPRS
19	10267124	C	T	DNMT1
19	10291528	C	T	DNMT1
19	10597401	C	A	KEAP1
19	10597402	G	A	KEAP1
19	10600416	C	A	KEAP1
19	10600417	C	A	KEAP1
19	10600446	C	T	KEAP1
19	10600447	G	A	KEAP1
19	10600447	G	T	KEAP1
19	10602328	C	A	KEAP1
19	10602328	C	T	KEAP1
19	10602329	C	A	KEAP1
19	10602329	C	T	KEAP1
19	10602580	CC	AA	KEAP1
19	10602581	C	A	KEAP1
19	10602581	C	T	KEAP1
19	10602619	C	A	KEAP1
19	10602619	C	G	KEAP1
19	10602619	C	T	KEAP1
19	10602619	CG	AT	KEAP1
19	10602620	G	A	KEAP1
19	10602763	C	A	KEAP1
19	10602763	C	G	KEAP1
19	10602763	C	T	KEAP1
19	10602764	G	A	KEAP1
19	10602799	C	A	KEAP1
19	10602799	C	T	KEAP1
19	10602800	G	A	KEAP1
19	10610246	A	G	KEAP1
19	10610247	C	A	KEAP1
19	10610380	C	T	KEAP1
19	10610382	T	C	KEAP1
19	11123691	A	G	SMARCA4
19	11123691	A	T	SMARCA4
19	11123693	G	C	SMARCA4
19	11129655	G	A	SMARCA4
19	11129657	G	T	SMARCA4
19	11132512	A	G	SMARCA4
19	11132513	C	G	SMARCA4
19	11132513	C	T	SMARCA4
19	11134251	C	T	SMARCA4
19	11134252	G	A	SMARCA4
19	11141426	C	T	SMARCA4
19	11141427	G	A	SMARCA4
19	11141492	C	T	SMARCA4
19	11141493	G	A	SMARCA4
19	11143984	C	G	SMARCA4
19	11143984	C	T	SMARCA4
19	11143985	G	A	SMARCA4
19	11143985	G	T	SMARCA4
19	11143993	C	T	SMARCA4
19	11143994	G	A	SMARCA4
19	11143994	G	C	SMARCA4
19	11144113	G	A	SMARCA4
19	11144113	G	T	SMARCA4
19	11144114	G	A	SMARCA4
19	11144114	G	T	SMARCA4
19	11144146	C	G	SMARCA4
19	11144146	C	T	SMARCA4
19	11144147	G	C	SMARCA4
19	11144147	G	T	SMARCA4
19	15350809	G	C	BRD4
19	18273784	G	A	PIK3R2
19	18278049	G	A	PIK3R2
19	18278049	G	C	PIK3R2
19	18278049	G	T	PIK3R2
19	18278050	A	G	PIK3R2
19	19261535	T	C	MEF2B
19	41743882	G	C	AXL
19	41743883	C	T	AXL
19	42791715	C	T	CIC
19	42791718	C	T	CIC
19	42791719	G	A	CIC
19	42791721	C	G	CIC
19	42791721	C	T	CIC
19	42791722	C	T	CIC
19	42791728	A	G	CIC
19	42791757	C	T	CIC
19	42791758	G	A	CIC
19	42791805	A	G	CIC
19	42791806	G	A	CIC
19	42791806	G	T	CIC
19	42791826	T	A	CIC
19	42791828	G	A	CIC
19	42799050	C	A	CIC
19	42799050	C	T	CIC
19	42799051	G	A	CIC
19	42799051	G	T	CIC
19	42799059	C	T	CIC
19	42799060	G	A	CIC
19	45856345	G	T	ERCC2
19	45856346	T	C	ERCC2
19	45856355	T	C	ERCC2
19	45856356	C	G	ERCC2
19	45860556	G	A	ERCC2
19	45860557	T	C	ERCC2
19	45860619	G	A	ERCC2
19	45860619	G	T	ERCC2
19	45860620	G	A	ERCC2
19	45867570	GG	AA	ERCC2
19	45867571	G	A	ERCC2
19	45867571	G	T	ERCC2
19	45867687	T	C	ERCC2
19	45872219	T	C	ERCC2
19	45873425	T	C	ERCC2
19	45873455	T	C	ERCC2
19	52715971	C	G	PPP2R1A
19	52715971	C	T	PPP2R1A
19	52715979	C	T	PPP2R1A
19	52715982	C	G	PPP2R1A
19	52715982	C	T	PPP2R1A
19	52715983	G	A	PPP2R1A
19	52716323	C	A	PPP2R1A
19	52716323	C	T	PPP2R1A
20	9561263	C	T	PAK7
20	31376690	G	A	DNMT3B
20	31376690	G	T	DNMT3B
20	40944418	A	C	PTPRT
20	40944419	G	A	PTPRT
20	40944500	A	C	PTPRT
20	40980843	T	C	PTPRT
20	40980844	C	T	PTPRT
20	41306568	C	T	PTPRT
20	41306569	G	A	PTPRT
20	46252809	C	T	NCOA3
20	46252810	G	A	NCOA3
20	57480483	C	T	GNAS
20	57480484	G	A	GNAS
20	57480484	G	C	GNAS
20	57484420	C	A	GNAS
20	57484420	C	T	GNAS
20	57484421	G	A	GNAS
20	57484421	G	T	GNAS
20	57484595	C	A	GNAS
20	57484596	A	T	GNAS
20	57484597	G	T	GNAS
21	36231782	C	T	RUNX1
21	36231783	G	A	RUNX1
21	36231783	G	C	RUNX1
21	36252876	C	A	RUNX1
21	36252877	C	T	RUNX1
21	36252878	T	C	RUNX1
21	44514777	T	C	U2AF1
21	44514777	T	G	U2AF1
21	44524456	G	A	U2AF1
21	44524456	G	T	U2AF1
21	44524486	A	G	U2AF1
21	44524487	T	C	U2AF1
22	22127163	T	G	MAPK1
22	22127164	C	A	MAPK1
22	22127164	C	T	MAPK1
22	24176329	C	T	SMARCB1
22	24176330	G	A	SMARCB1
22	24176338	C	T	SMARCB1
22	24176339	G	A	SMARCB1
22	24176339	G	T	SMARCB1
22	29092947	C	T	CHEK2
22	29092948	G	A	CHEK2
22	29092948	G	C	CHEK2
22	29092948	G	T	CHEK2
22	41525969	T	C	EP300
22	41553402	G	A	EP300
22	41553402	G	C	EP300
22	41565529	G	A	EP300
22	41565529	G	T	EP300
22	41565531	T	A	EP300
22	41565574	T	G	EP300
22	41565575	A	G	EP300
22	41566475	A	C	EP300
22	41566475	A	G	EP300
22	41566475	A	T	EP300
22	41566476	T	A	EP300
22	41566487	A	G	EP300
22	41566488	G	C	EP300
22	41566519	T	C	EP300
22	41566519	T	G	EP300
22	41566520	G	A	EP300
22	41566520	G	T	EP300
22	41566521	G	C	EP300
22	41566522	T	A	EP300
22	41566522	T	C	EP300
22	41566522	T	G	EP300
22	41566522	TAC	AAA	EP300
22	41566523	A	C	EP300
22	41566523	A	G	EP300
X	1321372	G	A	CRLF2
X	20156713	C	A	EIF1AX
X	20156713	C	T	EIF1AX
X	20156719	C	A	EIF1AX
X	20156719	C	G	EIF1AX
X	20156719	C	T	EIF1AX
X	20156720	G	A	EIF1AX
X	20156720	G	C	EIF1AX
X	20156728	T	G	EIF1AX
X	20156729	T	C	EIF1AX
X	20156731	C	A	EIF1AX
X	20156731	C	T	EIF1AX
X	20156732	C	G	EIF1AX
X	20156734	C	T	EIF1AX
X	20156735	C	T	EIF1AX
X	20156740	C	T	EIF1AX
X	20159743	C	A	EIF1AX
X	20159743	C	G	EIF1AX
X	20159743	C	T	EIF1AX
X	20159748	T	A	EIF1AX
X	20159748	T	C	EIF1AX
X	20159749	T	A	EIF1AX
X	20159753	GG	AA	EIF1AX
X	20159754	G	A	EIF1AX
X	20159755	G	A	EIF1AX
X	39921444	T	C	BCOR
X	44922715	GG	TA	KDM6A
X	44922716	G	A	KDM6A
X	44922716	GG	TA	KDM6A
X	44922802	C	T	KDM6A
X	44938459	C	T	KDM6A
X	44938460	A	C	KDM6A
X	47038526	C	G	RBM10
X	47038526	C	T	RBM10
X	47426120	T	C	ARAF
X	47426120	T	G	ARAF
X	47426121	C	A	ARAF
X	47426121	C	G	ARAF
X	47426121	C	T	ARAF
X	47426127	C	G	ARAF
X	47426127	C	T	ARAF
X	66931463	T	A	AR
X	66937371	G	T	AR
X	66937372	G	T	AR
X	66943543	C	T	AR
X	66943552	A	G	AR
X	66943553	C	G	AR
X	70339253	G	A	MED12
X	70339253	G	T	MED12
X	70339254	G	A	MED12
X	70339254	G	C	MED12
X	70339254	G	T	MED12
X	70349255	G	C	MED12
X	70349257	TC	GT	MED12
X	70349258	C	G	MED12
X	70349258	C	T	MED12
X	76909629	G	A	ATRX
X	76938029	G	A	ATRX
X	123179197	C	T	STAG2
X	123179198	G	A	STAG2
