chromosome	start	end	copyNumber	bafCount	observedBAF	baf	segmentStartSupport	segmentEndSupport	method	depthWindowCount	gcContent	minStart	maxStart	minorAlleleCopyNumber	majorAlleleCopyNumber
chr1	1	123605522	2.0074	56854	0.5623	0.5050	TELOMERE	CENTROMERE	BAF_WEIGHTED	108478	0.4225	1	1	0.9936	1.0138
chr1	123605523	248956422	2.0117	50874	0.5615	0.5056	CENTROMERE	TELOMERE	BAF_WEIGHTED	92629	0.4074	123605523	123605523	0.9946	1.0171
chr2	1	15294000	1.0198	8969	0.9281	1.0011	TELOMERE	NONE	BAF_WEIGHTED	14307	0.4239	1	1	0.0000	1.0198
chr2	15294001	93139350	2.0136	37636	0.5609	0.5053	NONE	CENTROMERE	BAF_WEIGHTED	68462	0.4029	15294001	15294001	0.9962	1.0174
chr2	93139351	242193529	2.0148	66664	0.5616	0.5051	CENTROMERE	TELOMERE	BAF_WEIGHTED	133645	0.3970	93139351	93139351	0.9971	1.0176
chr3	1	85353911	2.0175	44191	0.5613	0.5062	TELOMERE	DUP	BAF_WEIGHTED	79571	0.4047	1	1	0.9963	1.0212
chr3	85353912	85354004	2.8642	0	0.0000	0.6521	DUP	DUP	STRUCTURAL_VARIANT	0	0.0000	85353912	85353912	0.9963	1.8679
chr3	85354005	92214015	1.9806	2630	0.5619	0.5040	DUP	CENTROMERE	BAF_WEIGHTED	4490	0.3522	85354005	85354005	0.9823	0.9983
chr3	92214016	193628000	2.0146	49587	0.5618	0.5060	CENTROMERE	NONE	BAF_WEIGHTED	93117	0.3874	92214016	92214016	0.9951	1.0195
chr3	193628001	194163789	2.6573	380	0.5946	0.6006	NONE	INV	BAF_WEIGHTED	524	0.4404	193628001	193628001	1.0614	1.5960
chr3	194163790	194170474	2.0957	2	0.6607	0.6741	INV	INV	BAF_WEIGHTED	6	0.4105	194163790	194163790	0.6830	1.4127
chr3	194170475	198295559	1.3791	2410	0.6963	0.7210	INV	TELOMERE	BAF_WEIGHTED	3387	0.4487	194170475	194170475	0.3848	0.9943
chr4	1	50726025	1.9987	28695	0.5618	0.5051	TELOMERE	CENTROMERE	BAF_WEIGHTED	44331	0.3997	1	1	0.9892	1.0095
chr4	50726026	190214555	2.0040	74709	0.5615	0.5043	CENTROMERE	TELOMERE	BAF_WEIGHTED	127370	0.3722	50726026	50726026	0.9934	1.0106
chr5	1	48272853	2.0039	26745	0.5620	0.5066	TELOMERE	CENTROMERE	BAF_WEIGHTED	41811	0.3899	1	1	0.9887	1.0152
chr5	48272854	181538259	2.0187	67723	0.5618	0.5059	CENTROMERE	TELOMERE	BAF_WEIGHTED	119688	0.3949	48272854	48272854	0.9975	1.0212
chr6	1	59191910	2.0062	34931	0.5628	0.5044	TELOMERE	CENTROMERE	BAF_WEIGHTED	53588	0.4170	1	1	0.9943	1.0120
chr6	59191911	170805979	2.0108	58534	0.5613	0.5045	CENTROMERE	TELOMERE	BAF_WEIGHTED	102089	0.3832	59191911	59191911	0.9963	1.0145
chr7	1	35201747	2.0110	22027	0.5619	0.5051	TELOMERE	BND	BAF_WEIGHTED	31286	0.4051	1	1	0.9952	1.0158
chr7	35201748	59498943	2.0142	14236	0.5615	0.5050	BND	CENTROMERE	BAF_WEIGHTED	20029	0.4084	35201748	35201748	0.9971	1.0171
chr7	59498944	159345973	2.0011	45629	0.5626	0.5051	CENTROMERE	TELOMERE	BAF_WEIGHTED	84529	0.4023	59498944	59498944	0.9904	1.0107
chr8	1	44955504	2.0137	28229	0.5616	0.5046	TELOMERE	CENTROMERE	BAF_WEIGHTED	39089	0.4130	1	1	0.9975	1.0162
chr8	44955505	145138636	2.0098	47634	0.5616	0.5053	CENTROMERE	TELOMERE	BAF_WEIGHTED	91969	0.3930	44955505	44955505	0.9943	1.0155
chr9	1	44377362	1.9931	13727	0.5606	0.5049	TELOMERE	CENTROMERE	BAF_WEIGHTED	35716	0.3875	1	1	0.9869	1.0062
chr9	44377363	138394717	2.0104	32193	0.5618	0.5050	CENTROMERE	TELOMERE	BAF_WEIGHTED	63554	0.4258	44377363	44377363	0.9952	1.0152
chr10	1	40640101	2.0088	22933	0.5625	0.5027	TELOMERE	CENTROMERE	BAF_WEIGHTED	35833	0.4101	1	1	0.9990	1.0098
chr10	40640102	49207807	2.0313	1952	0.5645	0.5078	CENTROMERE	BND	BAF_WEIGHTED	4474	0.4450	40640102	40640102	0.9999	1.0314
chr10	49207808	49277134	4.1318	4	0.7610	0.7720	BND	BND	BAF_WEIGHTED	63	0.4491	49207808	49207808	0.9421	3.1897
chr10	49277135	49293717	3.1689	1	0.5455	0.5455	BND	BND	BAF_WEIGHTED	15	0.4691	49277135	49277135	1.4402	1.7286
chr10	49293718	133797422	2.0187	43376	0.5615	0.5057	BND	TELOMERE	BAF_WEIGHTED	77961	0.4158	49293718	49293718	0.9978	1.0209
chr11	1	52751710	2.0107	24461	0.5620	0.5066	TELOMERE	CENTROMERE	BAF_WEIGHTED	44475	0.4077	1	1	0.9921	1.0186
chr11	52751711	135086622	2.0106	38853	0.5621	0.5050	CENTROMERE	TELOMERE	BAF_WEIGHTED	72479	0.4186	52751711	52751711	0.9951	1.0154
chr12	1	35977329	2.0075	20867	0.5629	0.5049	TELOMERE	CENTROMERE	BAF_WEIGHTED	30914	0.4011	1	1	0.9939	1.0135
chr12	35977330	45039280	2.0094	3362	0.5600	0.5036	CENTROMERE	INV	BAF_WEIGHTED	6752	0.3714	35977330	35977330	0.9976	1.0119
chr12	45039281	57562692	2.0007	4863	0.5624	0.5001	INV	INV	BAF_WEIGHTED	11467	0.4433	45039281	45039281	1.0001	1.0006
chr12	57562693	57562693	0.2942	0	0.0000	1.0000	INV	DUP	STRUCTURAL_VARIANT	0	0.0000	57562693	57562693	0.0000	0.2942
chr12	57562694	57567160	25.9032	3	0.9650	0.9682	DUP	INV	BAF_WEIGHTED	4	0.4913	57562694	57562694	0.8232	25.0800
chr12	57567161	57584549	31.1875	8	0.9657	0.9683	INV	DUP	BAF_WEIGHTED	16	0.4965	57567161	57567161	0.9872	30.2003
chr12	57584550	57584561	34.6334	0	0.0000	0.9700	DUP	DUP	STRUCTURAL_VARIANT	0	0.0000	57584550	57584550	1.0407	33.5928
chr12	57584562	57584725	34.0969	0	0.0000	0.9695	DUP	DEL	STRUCTURAL_VARIANT	0	0.0000	57584562	57584562	1.0407	33.0562
chr12	57584726	57630728	30.8054	9	0.9636	0.9662	DEL	INV	BAF_WEIGHTED	41	0.5219	57584726	57584726	1.0407	29.7647
chr12	57630729	57663437	31.7248	31	0.9683	0.9709	INV	DUP	BAF_WEIGHTED	24	0.4377	57630729	57630729	0.9242	30.8005
chr12	57663438	57695401	43.5171	38	0.9767	0.9786	DUP	INV	BAF_WEIGHTED	29	0.4153	57663438	57663438	0.9332	42.5839
chr12	57695402	57700413	29.6965	3	0.9637	0.9664	INV	DUP	BAF_WEIGHTED	4	0.4667	57695402	57695402	0.9973	28.6991
chr12	57700414	57704864	32.9872	4	0.9665	0.9689	DUP	INV	BAF_WEIGHTED	3	0.3853	57700414	57700414	1.0256	31.9616
chr12	57704865	57721904	29.7121	8	0.9650	0.9678	INV	DUP	BAF_WEIGHTED	16	0.4403	57704865	57704865	0.9576	28.7546
chr12	57721905	57748568	41.6461	8	0.9720	0.9739	DUP	DUP	BAF_WEIGHTED	21	0.5502	57721905	57721905	1.0861	40.5600
chr12	57748569	57755709	52.4748	4	0.9825	0.9840	DUP	DEL	BAF_WEIGHTED	6	0.5018	57748569	57748569	0.8370	51.6377
chr12	57755710	57764141	44.3900	0	0.0000	0.9750	DEL	INV	BAF_WEIGHTED	8	0.4965	57755710	57755710	1.1102	43.2798
chr12	57764142	57791023	44.4131	20	0.9731	0.9750	INV	DUP	BAF_WEIGHTED	24	0.4843	57764142	57764142	1.1102	43.3029
chr12	57791024	57804785	44.9955	7	0.9756	0.9774	DUP	SGL	BAF_WEIGHTED	12	0.4390	57791024	57791024	1.0152	43.9803
chr12	57804786	57804843	19.1015	0	0.0000	0.9469	SGL	INV	STRUCTURAL_VARIANT	0	0.0000	57804786	57804786	1.0152	18.0863
chr12	57804844	57824408	26.7089	5	0.9532	0.9562	INV	INV	BAF_WEIGHTED	16	0.5001	57804844	57804844	1.1712	25.5377
chr12	57824409	57829082	39.5681	1	0.9659	0.9679	INV	INV	BAF_WEIGHTED	4	0.4928	57824409	57824409	1.2682	38.2998
chr12	57829083	57834333	39.7387	4	0.9687	0.9707	INV	DEL	BAF_WEIGHTED	4	0.5048	57829083	57829083	1.1643	38.5744
chr12	57834334	57835759	38.0501	0	0.0000	0.9694	DEL	INV	STRUCTURAL_VARIANT	0	0.0000	57834334	57834334	1.1643	36.8858
chr12	57835760	57836082	42.3901	0	0.0000	0.9725	INV	INV	STRUCTURAL_VARIANT	0	0.0000	57835760	57835760	1.1643	41.2258
chr12	57836083	57838796	38.4742	0	0.0000	0.9697	INV	INV	NON_DIPLOID	1	0.5070	57836083	57836083	1.1643	37.3099
chr12	57838797	57845962	40.0729	1	0.9864	0.9885	INV	INV	BAF_WEIGHTED	6	0.4785	57838797	57838797	0.4604	39.6125
chr12	57845963	57846065	26.4889	0	0.0000	0.9605	INV	INV	STRUCTURAL_VARIANT	0	0.0000	57845963	57845963	1.0457	25.4432
chr12	57846066	57862916	58.5151	6	0.9807	0.9821	INV	DEL	BAF_WEIGHTED	15	0.4914	57846066	57846066	1.0457	57.4694
chr12	57862917	57863613	57.0885	0	0.0000	0.9814	DEL	INV	STRUCTURAL_VARIANT	0	0.0000	57862917	57862917	1.0633	56.0252
chr12	57863614	57905616	43.2312	28	0.9735	0.9754	INV	DEL	BAF_WEIGHTED	40	0.4729	57863614	57863614	1.0633	42.1679
chr12	57905617	57983883	30.8317	39	0.9611	0.9637	DEL	INV	BAF_WEIGHTED	74	0.3947	57905617	57905617	1.1192	29.7126
chr12	57983884	57984160	33.2616	0	0.0000	0.9664	INV	DUP	STRUCTURAL_VARIANT	0	0.0000	57983884	57983884	1.1192	32.1424
chr12	57984161	58007166	30.9089	1	0.9774	0.9801	DUP	INV	BAF_WEIGHTED	22	0.3980	57984161	57984161	0.6155	30.2934
chr12	58007167	58008414	15.6135	0	0.0000	0.9333	INV	INV	STRUCTURAL_VARIANT	0	0.0000	58007167	58007167	1.0409	14.5726
chr12	58008415	58014188	32.2410	0	0.0000	0.9677	INV	INV	BAF_WEIGHTED	5	0.3686	58008415	58008415	1.0409	31.2001
chr12	58014189	58016048	19.6124	0	0.0000	0.9469	INV	DUP	BAF_WEIGHTED	1	0.3910	58014189	58014189	1.0409	18.5715
chr12	58016049	58126576	36.2676	20	0.9690	0.9713	DUP	DEL	BAF_WEIGHTED	82	0.4008	58016049	58016049	1.0409	35.2267
chr12	58126577	58154062	34.2638	13	0.9607	0.9630	DEL	DEL	BAF_WEIGHTED	25	0.3746	58126577	58126577	1.2664	32.9974
chr12	58154063	58580213	1.0308	248	0.9341	1.0073	DEL	INV	BAF_WEIGHTED	393	0.3880	58154063	58154063	0.0000	1.0308
chr12	58580214	58633694	37.9658	83	0.9731	0.9753	INV	DUP	BAF_WEIGHTED	52	0.3862	58580214	58580214	0.9390	37.0268
chr12	58633695	58638289	36.2833	5	0.9750	0.9773	DUP	DEL	BAF_WEIGHTED	4	0.3160	58633695	58633695	0.8245	35.4588
chr12	58638290	58660873	38.2622	18	0.9709	0.9730	DEL	DEL	BAF_WEIGHTED	21	0.3930	58638290	58638290	1.0315	37.2306
chr12	58660874	58744486	35.7261	6	0.9685	0.9707	DEL	INV	BAF_WEIGHTED	76	0.3674	58660874	58660874	1.0457	34.6804
chr12	58744487	58749742	33.5545	1	0.9590	0.9614	INV	DUP	BAF_WEIGHTED	3	0.3980	58744487	58744487	1.2959	32.2586
chr12	58749743	58775172	34.8063	4	0.9619	0.9642	DUP	DUP	BAF_WEIGHTED	25	0.3516	58749743	58749743	1.2458	33.5605
chr12	58775173	58793167	36.5973	2	0.9636	0.9658	DUP	BND	BAF_WEIGHTED	16	0.3444	58775173	58775173	1.2515	35.3458
chr12	58793168	58797394	35.5461	0	0.0000	0.9756	BND	DEL	BAF_WEIGHTED	3	0.3620	58793168	58793168	0.8690	34.6770
chr12	58797395	58802398	19.3583	0	0.0000	0.9551	DEL	DUP	BAF_WEIGHTED	4	0.3650	58797395	58797395	0.8690	18.4892
chr12	58802399	58817361	23.0470	0	0.0000	0.9623	DUP	INV	BAF_WEIGHTED	14	0.3701	58802399	58802399	0.8690	22.1780
chr12	58817362	58828332	24.6417	0	0.0000	0.9647	INV	DEL	BAF_WEIGHTED	10	0.3642	58817362	58817362	0.8690	23.7727
chr12	58828333	58836572	23.1253	0	0.0000	0.9624	DEL	INV	BAF_WEIGHTED	7	0.3360	58828333	58828333	0.8690	22.2562
chr12	58836573	58843500	42.5991	0	0.0000	0.9796	INV	DEL	BAF_WEIGHTED	4	0.4045	58836573	58836573	0.8690	41.7300
chr12	58843501	58852194	41.7791	0	0.0000	0.9792	DEL	DUP	BAF_WEIGHTED	8	0.3775	58843501	58843501	0.8690	40.9100
chr12	58852195	58853591	42.2627	0	0.0000	0.9794	DUP	DEL	STRUCTURAL_VARIANT	0	0.0000	58852195	58852195	0.8690	41.3936
chr12	58853592	58893768	41.4304	0	0.0000	0.9790	DEL	DEL	BAF_WEIGHTED	35	0.3872	58853592	58853592	0.8690	40.5614
chr12	58893769	58895014	39.2504	0	0.0000	0.9779	DEL	INV	BAF_WEIGHTED	1	0.3610	58893769	58893769	0.8690	38.3814
chr12	58895015	58935629	41.5727	2	0.9771	0.9791	INV	DUP	BAF_WEIGHTED	36	0.3949	58895015	58895015	0.8690	40.7036
chr12	58935630	58935814	43.7738	0	0.0000	0.9801	DUP	INV	STRUCTURAL_VARIANT	0	0.0000	58935630	58935630	0.8690	42.9047
chr12	58935815	58937743	40.8581	1	0.9634	0.9654	INV	INV	BAF_WEIGHTED	1	0.2780	58935815	58935815	1.4148	39.4433
chr12	58937744	58947572	42.5076	0	0.0000	0.9758	INV	DUP	BAF_WEIGHTED	6	0.3705	58937744	58937744	1.0277	41.4799
chr12	58947573	58949916	31.2782	0	0.0000	0.9671	DUP	INV	NON_DIPLOID	1	0.3600	58947573	58947573	1.0277	30.2505
chr12	58949917	58963772	28.9728	0	0.0000	0.9645	INV	DEL	BAF_WEIGHTED	13	0.3798	58949917	58949917	1.0277	27.9450
chr12	58963773	58968345	26.7597	0	0.0000	0.9616	DEL	DUP	BAF_WEIGHTED	4	0.4052	58963773	58963773	1.0277	25.7320
chr12	58968346	58983238	28.6438	0	0.0000	0.9641	DUP	INV	BAF_WEIGHTED	12	0.3550	58968346	58968346	1.0277	27.6161
chr12	58983239	58986322	35.9274	0	0.0000	0.9714	INV	INV	BAF_WEIGHTED	2	0.3925	58983239	58983239	1.0277	34.8997
chr12	58986323	59017960	34.9345	2	0.9683	0.9706	INV	BND	BAF_WEIGHTED	26	0.3414	58986323	58986323	1.0277	33.9068
chr12	59017961	59018043	37.0437	0	0.0000	0.9705	BND	INV	STRUCTURAL_VARIANT	0	0.0000	59017961	59017961	1.0916	35.9521
chr12	59018044	59018286	40.5523	0	0.0000	0.9731	INV	DEL	STRUCTURAL_VARIANT	0	0.0000	59018044	59018044	1.0916	39.4607
chr12	59018287	59018368	37.2904	0	0.0000	0.9707	DEL	DUP	STRUCTURAL_VARIANT	0	0.0000	59018287	59018287	1.0916	36.1987
chr12	59018369	59058208	39.3403	0	0.0000	0.9723	DUP	DEL	BAF_WEIGHTED	37	0.3709	59018369	59018369	1.0916	38.2487
chr12	59058209	59102867	37.3607	8	0.9686	0.9708	DEL	DUP	BAF_WEIGHTED	41	0.3726	59058209	59058209	1.0916	36.2690
chr12	59102868	59118383	45.7255	10	0.9796	0.9815	DUP	DEL	BAF_WEIGHTED	10	0.3962	59102868	59102868	0.8471	44.8784
chr12	59118384	59138082	30.7266	24	0.9672	0.9699	DEL	DUP	BAF_WEIGHTED	19	0.3739	59118384	59118384	0.9250	29.8016
chr12	59138083	59150058	61.1056	14	0.9845	0.9859	DUP	DUP	BAF_WEIGHTED	9	0.3410	59138083	59138083	0.8629	60.2428
chr12	59150059	59151410	63.3400	0	0.0000	0.9844	DUP	DEL	STRUCTURAL_VARIANT	0	0.0000	59150059	59150059	0.9906	62.3494
chr12	59151411	59152215	61.8616	0	0.0000	0.9840	DEL	INV	STRUCTURAL_VARIANT	0	0.0000	59151411	59151411	0.9906	60.8709
chr12	59152216	59170031	63.5889	22	0.9831	0.9844	INV	DUP	BAF_WEIGHTED	17	0.3411	59152216	59152216	0.9906	62.5983
chr12	59170032	59170117	66.1373	0	0.0000	0.9850	DUP	INV	STRUCTURAL_VARIANT	0	0.0000	59170032	59170032	0.9906	65.1467
chr12	59170118	59170499	64.6480	0	0.0000	0.9847	INV	DEL	STRUCTURAL_VARIANT	0	0.0000	59170118	59170118	0.9906	63.6573
chr12	59170500	59175645	62.4440	5	0.9863	0.9877	DEL	INV	BAF_WEIGHTED	4	0.3448	59170500	59170500	0.7709	61.6731
chr12	59175646	59178775	57.7684	2	0.9853	0.9868	INV	DEL	BAF_WEIGHTED	2	0.4700	59175646	59175646	0.7648	57.0036
chr12	59178776	59189062	59.2933	7	0.9852	0.9866	DEL	DUP	BAF_WEIGHTED	10	0.3597	59178776	59178776	0.7932	58.5002
chr12	59189063	59193483	74.7175	4	0.9890	0.9901	DUP	DUP	BAF_WEIGHTED	3	0.3503	59189063	59189063	0.7368	73.9806
chr12	59193484	59195729	75.3182	1	0.9883	0.9894	DUP	INV	BAF_WEIGHTED	1	0.4250	59193484	59193484	0.7963	74.5219
chr12	59195730	59204448	74.7715	8	0.9875	0.9887	INV	DUP	BAF_WEIGHTED	8	0.3847	59195730	59195730	0.8461	73.9254
chr12	59204449	59210411	69.9606	8	0.9848	0.9860	DUP	DUP	BAF_WEIGHTED	5	0.3146	59204449	59204449	0.9826	68.9780
chr12	59210412	59227184	74.1784	9	0.9861	0.9872	DUP	DUP	BAF_WEIGHTED	11	0.3535	59210412	59210412	0.9465	73.2319
chr12	59227185	59232503	56.5066	7	0.9838	0.9853	DUP	DUP	BAF_WEIGHTED	3	0.3413	59227185	59227185	0.8313	55.6753
chr12	59232504	59235586	55.9740	1	0.9795	0.9810	DUP	INV	BAF_WEIGHTED	2	0.3700	59232504	59232504	1.0641	54.9100
chr12	59235587	59239539	51.6961	3	0.9803	0.9819	INV	INV	BAF_WEIGHTED	3	0.3380	59235587	59235587	0.9349	50.7612
chr12	59239540	59243560	48.8178	5	0.9773	0.9790	INV	INV	BAF_WEIGHTED	3	0.3520	59239540	59239540	1.0252	47.7927
chr12	59243561	59244791	3.4159	0	0.0000	0.6999	INV	INV	STRUCTURAL_VARIANT	0	0.0000	59243561	59243561	1.0252	2.3907
chr12	59244792	59246714	24.8845	4	0.9572	0.9604	INV	DEL	BAF_WEIGHTED	1	0.3710	59244792	59244792	0.9843	23.9002
chr12	59246715	59274071	41.7540	14	0.9758	0.9777	DEL	INV	BAF_WEIGHTED	27	0.3606	59246715	59246715	0.9298	40.8242
chr12	59274072	59286722	40.1140	4	0.9706	0.9726	INV	DEL	BAF_WEIGHTED	11	0.3676	59274072	59274072	1.0995	39.0145
chr12	59286723	59879465	0.9998	248	0.9234	1.0000	DEL	DUP	BAF_WEIGHTED	552	0.3596	59286723	59286723	0.0000	0.9998
chr12	59879466	59888834	14.8339	4	0.9159	0.9208	DUP	INV	BAF_WEIGHTED	8	0.3221	59879466	59879466	1.1752	13.6587
chr12	59888835	60084233	0.9907	76	0.9259	1.0000	INV	DUP	BAF_WEIGHTED	181	0.3530	59888835	59888835	0.0000	0.9907
chr12	60084234	60087970	14.2984	1	0.9087	0.9137	DUP	INV	BAF_WEIGHTED	2	0.3390	60084234	60084234	1.2344	13.0640
chr12	60087971	60540940	0.9923	347	0.9218	0.9982	INV	INV	BAF_WEIGHTED	441	0.3437	60087971	60087971	0.0018	0.9905
chr12	60540941	60549816	12.6866	5	0.9222	0.9280	INV	INV	BAF_WEIGHTED	8	0.3190	60540941	60540941	0.9136	11.7730
chr12	60549817	60550111	14.2778	0	0.0000	0.9336	INV	DEL	STRUCTURAL_VARIANT	0	0.0000	60549817	60549817	0.9479	13.3299
chr12	60550112	60550293	13.1460	0	0.0000	0.9279	DEL	INV	STRUCTURAL_VARIANT	0	0.0000	60550112	60550112	0.9479	12.1981
chr12	60550294	60560968	14.7372	11	0.9306	0.9357	INV	DEL	BAF_WEIGHTED	9	0.3387	60550294	60550294	0.9479	13.7893
chr12	60560969	60564043	6.8143	2	0.8782	0.8879	DEL	DEL	BAF_WEIGHTED	3	0.3627	60560969	60560969	0.7639	6.0504
chr12	60564044	60617891	14.8807	52	0.9313	0.9363	DEL	INV	BAF_WEIGHTED	50	0.3491	60564044	60564044	0.9473	13.9334
chr12	60617892	60622231	17.2978	0	0.0000	0.9451	INV	INV	BAF_WEIGHTED	4	0.4357	60617892	60617892	0.9497	16.3480
chr12	60622232	60794140	6.8737	167	0.8529	0.8618	INV	INV	BAF_WEIGHTED	153	0.3476	60622232	60622232	0.9497	5.9239
chr12	60794141	60953333	1.0077	135	0.9211	0.9961	INV	DUP	BAF_WEIGHTED	144	0.3378	60794141	60794141	0.0039	1.0038
chr12	60953334	60960098	10.6995	2	0.8832	0.8894	DUP	DEL	BAF_WEIGHTED	3	0.3683	60953334	60953334	1.1831	9.5164
chr12	60960099	61953878	0.9973	530	0.9286	1.0005	DEL	INV	BAF_WEIGHTED	894	0.3572	60960099	60960099	0.0000	0.9973
chr12	61953879	61974371	20.7797	14	0.9513	0.9551	INV	INV	BAF_WEIGHTED	20	0.3492	61953879	61953879	0.9334	19.8463
chr12	61974372	61982277	23.3180	6	0.9528	0.9562	INV	DUP	BAF_WEIGHTED	4	0.3595	61974372	61974372	1.0219	22.2962
chr12	61982278	61982367	24.7546	0	0.0000	0.9587	DUP	INV	STRUCTURAL_VARIANT	0	0.0000	61982278	61982278	1.0219	23.7328
chr12	61982368	61984331	23.0424	1	0.9586	0.9621	INV	DUP	BAF_WEIGHTED	1	0.4080	61982368	61982368	0.8742	22.1682
chr12	61984332	62040963	28.9141	53	0.9632	0.9660	DUP	DUP	BAF_WEIGHTED	50	0.3678	61984332	61984332	0.9835	27.9306
chr12	62040964	62059942	31.1882	12	0.9689	0.9715	DUP	DEL	BAF_WEIGHTED	17	0.3587	62040964	62040964	0.8884	30.2998
chr12	62059943	62070163	32.7998	12	0.9712	0.9737	DEL	DEL	BAF_WEIGHTED	10	0.3494	62059943	62059943	0.8610	31.9388
chr12	62070164	62091624	30.8534	19	0.9662	0.9688	DEL	DEL	BAF_WEIGHTED	20	0.3785	62070164	62070164	0.9618	29.8916
chr12	62091625	62163660	29.2453	93	0.9636	0.9664	DEL	INV	BAF_WEIGHTED	67	0.3763	62091625	62091625	0.9839	28.2614
chr12	62163661	62175813	30.3711	2	0.9608	0.9634	INV	DUP	BAF_WEIGHTED	11	0.3703	62163661	62163661	1.1104	29.2607
chr12	62175814	62175905	32.3854	0	0.0000	0.9722	DUP	INV	STRUCTURAL_VARIANT	0	0.0000	62175814	62175814	0.9007	31.4848
chr12	62175906	62175927	34.0991	0	0.0000	0.9736	INV	DUP	STRUCTURAL_VARIANT	0	0.0000	62175906	62175906	0.9007	33.1984
chr12	62175928	62176017	35.4482	0	0.0000	0.9746	DUP	INV	STRUCTURAL_VARIANT	0	0.0000	62175928	62175928	0.9007	34.5475
chr12	62176018	62176461	32.7229	0	0.0000	0.9725	INV	INV	STRUCTURAL_VARIANT	0	0.0000	62176018	62176018	0.9007	31.8222
chr12	62176462	62184866	34.9722	6	0.9719	0.9742	INV	INV	BAF_WEIGHTED	7	0.3703	62176462	62176462	0.9007	34.0716
chr12	62184867	62205462	32.7388	16	0.9641	0.9666	INV	DUP	BAF_WEIGHTED	19	0.3862	62184867	62184867	1.0930	31.6458
chr12	62205463	62210583	34.8917	3	0.9745	0.9769	DUP	DEL	BAF_WEIGHTED	4	0.3955	62205463	62205463	0.8072	34.0845
chr12	62210584	62224280	32.4730	9	0.9664	0.9689	DEL	DUP	BAF_WEIGHTED	13	0.3712	62210584	62210584	1.0100	31.4630
chr12	62224281	62230739	33.3695	2	0.9541	0.9565	DUP	INV	BAF_WEIGHTED	5	0.3598	62224281	62224281	1.4510	31.9185
chr12	62230740	62282765	32.7143	13	0.9665	0.9690	INV	DEL	BAF_WEIGHTED	50	0.3692	62230740	62230740	1.0148	31.6995
chr12	62282766	62984320	1.0052	138	0.9199	0.9926	DEL	DUP	BAF_WEIGHTED	679	0.3950	62282766	62282766	0.0075	0.9977
chr12	62984321	63002330	47.9782	0	0.0000	0.9792	DUP	INV	BAF_WEIGHTED	17	0.3592	62984321	62984321	0.9977	46.9805
chr12	63002331	63038478	32.9050	1	0.9542	0.9566	INV	INV	BAF_WEIGHTED	31	0.3847	63002331	63002331	1.4281	31.4769
chr12	63038479	63082062	43.2411	26	0.9735	0.9755	INV	DUP	BAF_WEIGHTED	43	0.3884	63038479	63038479	1.0614	42.1798
chr12	63082063	63083219	47.1707	0	0.0000	0.9775	DUP	INV	STRUCTURAL_VARIANT	0	0.0000	63082063	63082063	1.0614	46.1094
chr12	63083220	63084025	51.6157	0	0.0000	0.9794	INV	DUP	STRUCTURAL_VARIANT	0	0.0000	63083220	63083220	1.0614	50.5543
chr12	63084026	63085303	47.5387	0	0.0000	0.9777	DUP	DEL	STRUCTURAL_VARIANT	0	0.0000	63084026	63084026	1.0614	46.4773
chr12	63085304	63094043	41.1452	13	0.9700	0.9720	DEL	DEL	BAF_WEIGHTED	8	0.4140	63085304	63085304	1.1526	39.9926
chr12	63094044	63094710	36.6972	0	0.0000	0.9686	DEL	INV	STRUCTURAL_VARIANT	0	0.0000	63094044	63094044	1.1526	35.5446
chr12	63094711	63101641	37.0824	6	0.9676	0.9697	INV	DUP	BAF_WEIGHTED	6	0.4215	63094711	63094711	1.1220	35.9604
chr12	63101642	63103260	40.4514	3	0.9813	0.9834	DUP	DUP	BAF_WEIGHTED	1	0.3560	63101642	63101642	0.6727	39.7787
chr12	63103261	63104248	42.1611	0	0.0000	0.9760	DUP	INV	STRUCTURAL_VARIANT	0	0.0000	63103261	63103261	1.0102	41.1509
chr12	63104249	63152946	39.1499	67	0.9721	0.9742	INV	DEL	BAF_WEIGHTED	45	0.3858	63104249	63104249	1.0102	38.1398
chr12	63152947	63158093	36.5623	6	0.9709	0.9732	DEL	INV	BAF_WEIGHTED	5	0.3712	63152947	63152947	0.9802	35.5821
chr12	63158094	63163393	38.9354	5	0.9765	0.9786	INV	INV	BAF_WEIGHTED	4	0.3220	63158094	63158094	0.8321	38.1033
chr12	63163394	63168611	40.0183	7	0.9748	0.9769	INV	INV	BAF_WEIGHTED	1	0.4220	63163394	63163394	0.9259	39.0924
chr12	63168612	63171072	38.8959	2	0.9705	0.9726	INV	DEL	BAF_WEIGHTED	2	0.3545	63168612	63168612	1.0656	37.8303
chr12	63171073	63191548	37.3061	25	0.9703	0.9725	DEL	INV	BAF_WEIGHTED	16	0.3809	63171073	63171073	1.0262	36.2799
chr12	63191549	63259319	22.8148	53	0.9512	0.9546	INV	DUP	BAF_WEIGHTED	59	0.3675	63191549	63191549	1.0349	21.7799
chr12	63259320	63306466	35.0462	23	0.9664	0.9687	DUP	DEL	BAF_WEIGHTED	44	0.3609	63259320	63259320	1.0964	33.9498
chr12	63306467	63306673	38.3377	0	0.0000	0.9714	DEL	DEL	STRUCTURAL_VARIANT	0	0.0000	63306467	63306467	1.0964	37.2412
chr12	63306674	63306723	38.3093	0	0.0000	0.9714	DEL	SGL	STRUCTURAL_VARIANT	0	0.0000	63306674	63306674	1.0964	37.2128
chr12	63306724	63314532	36.0772	0	0.0000	0.9696	SGL	INV	BAF_WEIGHTED	7	0.4130	63306724	63306724	1.0964	34.9808
chr12	63314533	63314560	37.6271	0	0.0000	0.9709	INV	INV	STRUCTURAL_VARIANT	0	0.0000	63314533	63314533	1.0964	36.5307
chr12	63314561	63314564	39.1770	0	0.0000	0.9720	INV	DUP	STRUCTURAL_VARIANT	0	0.0000	63314561	63314561	1.0964	38.0806
chr12	63314565	63315331	41.3997	0	0.0000	0.9735	DUP	INV	STRUCTURAL_VARIANT	0	0.0000	63314565	63314565	1.0964	40.3033
chr12	63315332	63315406	38.3931	0	0.0000	0.9714	INV	INV	STRUCTURAL_VARIANT	0	0.0000	63315332	63315332	1.0964	37.2966
chr12	63315407	63330474	35.3848	0	0.0000	0.9690	INV	DUP	BAF_WEIGHTED	14	0.3994	63315407	63315407	1.0964	34.2884
chr12	63330475	63349451	37.0531	0	0.0000	0.9704	DUP	DEL	BAF_WEIGHTED	13	0.3934	63330475	63330475	1.0964	35.9566
chr12	63349452	63351195	34.7704	0	0.0000	0.9685	DEL	DEL	BAF_WEIGHTED	1	0.3360	63349452	63349452	1.0964	33.6739
chr12	63351196	63357856	12.6469	0	0.0000	0.9133	DEL	DUP	BAF_WEIGHTED	5	0.3566	63351196	63351196	1.0964	11.5504
chr12	63357857	63362886	32.4665	0	0.0000	0.9662	DUP	INV	BAF_WEIGHTED	4	0.3558	63357857	63357857	1.0964	31.3701
chr12	63362887	63375873	36.1502	0	0.0000	0.9697	INV	DEL	BAF_WEIGHTED	11	0.3528	63362887	63362887	1.0964	35.0538
chr12	63375874	63376219	34.2977	0	0.0000	0.9680	DEL	INV	STRUCTURAL_VARIANT	0	0.0000	63375874	63375874	1.0964	33.2012
chr12	63376220	63376742	34.7835	0	0.0000	0.9685	INV	INV	STRUCTURAL_VARIANT	0	0.0000	63376220	63376220	1.0964	33.6871
chr12	63376743	63424167	33.9795	21	0.9641	0.9665	INV	INV	BAF_WEIGHTED	44	0.3970	63376743	63376743	1.1392	32.8403
chr12	63424168	63430111	32.3666	3	0.9554	0.9578	INV	DUP	BAF_WEIGHTED	5	0.4224	63424168	63424168	1.3643	31.0022
chr12	63430112	63434199	32.7645	0	0.0000	0.9703	DUP	INV	BAF_WEIGHTED	3	0.3237	63430112	63430112	0.9737	31.7908
chr12	63434200	63437627	13.3801	0	0.0000	0.9272	INV	DEL	STRUCTURAL_VARIANT	0	0.0000	63434200	63434200	0.9737	12.4064
chr12	63437628	63561155	12.9044	135	0.9189	0.9245	DEL	DUP	BAF_WEIGHTED	88	0.3569	63437628	63437628	0.9737	11.9307
chr12	63561156	63602508	15.7349	0	0.0000	0.9381	DUP	SGL	STRUCTURAL_VARIANT	0	0.0000	63561156	63561156	0.9737	14.7612
chr12	63602509	63655577	22.2329	0	0.0000	0.9562	SGL	INV	STRUCTURAL_VARIANT	0	0.0000	63602509	63602509	0.9737	21.2592
chr12	63655578	63677290	23.3987	0	0.0000	0.9584	INV	DUP	STRUCTURAL_VARIANT	0	0.0000	63655578	63655578	0.9737	22.4250
chr12	63677291	63691472	33.1875	0	0.0000	0.9707	DUP	DEL	STRUCTURAL_VARIANT	0	0.0000	63677291	63677291	0.9737	32.2138
chr12	63691473	63697203	31.0835	0	0.0000	0.9687	DEL	DEL	STRUCTURAL_VARIANT	0	0.0000	63691473	63691473	0.9737	30.1098
chr12	63697204	63720441	33.0394	0	0.0000	0.9705	DEL	INV	STRUCTURAL_VARIANT	0	0.0000	63697204	63697204	0.9737	32.0657
chr12	63720442	63962529	1.0384	90	0.9286	1.0004	INV	DUP	BAF_WEIGHTED	207	0.3972	63720442	63720442	0.0000	1.0384
chr12	63962530	64014268	23.2969	2	0.9533	0.9567	DUP	INV	BAF_WEIGHTED	51	0.3888	63962530	63962530	1.0091	22.2878
chr12	64014269	64041642	25.2569	6	0.9602	0.9633	INV	INV	BAF_WEIGHTED	26	0.3995	64014269	64014269	0.9265	24.3305
chr12	64041643	64089074	23.0906	30	0.9539	0.9574	INV	DUP	BAF_WEIGHTED	44	0.3757	64041643	64041643	0.9844	22.1062
chr12	64089075	64089552	25.2989	0	0.0000	0.9611	DUP	DEL	STRUCTURAL_VARIANT	0	0.0000	64089075	64089075	0.9844	24.3145
chr12	64089553	64100784	23.2204	6	0.9421	0.9454	DEL	DUP	BAF_WEIGHTED	10	0.3775	64089553	64089553	1.2687	21.9516
chr12	64100785	64108244	24.4685	1	0.9709	0.9742	DUP	INV	BAF_WEIGHTED	7	0.3641	64100785	64100785	0.6301	23.8384
chr12	64108245	64112461	23.4703	1	0.9530	0.9564	INV	INV	BAF_WEIGHTED	3	0.3720	64108245	64108245	1.0243	22.4460
chr12	64112462	64112479	25.8867	0	0.0000	0.9580	INV	DUP	STRUCTURAL_VARIANT	0	0.0000	64112462	64112462	1.0881	24.7986
chr12	64112480	64112567	28.3388	0	0.0000	0.9616	DUP	MULTIPLE	STRUCTURAL_VARIANT	0	0.0000	64112480	64112480	1.0881	27.2507
chr12	64112568	64112757	31.7195	0	0.0000	0.9657	MULTIPLE	DUP	STRUCTURAL_VARIANT	0	0.0000	64112568	64112568	1.0881	30.6314
chr12	64112758	64112916	32.7677	0	0.0000	0.9668	DUP	DUP	STRUCTURAL_VARIANT	0	0.0000	64112758	64112758	1.0881	31.6797
chr12	64112917	64112920	29.3199	0	0.0000	0.9629	DUP	DUP	STRUCTURAL_VARIANT	0	0.0000	64112917	64112917	1.0881	28.2318
chr12	64112921	64112963	27.2295	0	0.0000	0.9600	DUP	INV	STRUCTURAL_VARIANT	0	0.0000	64112921	64112921	1.0881	26.1414
chr12	64112964	64117740	22.6424	2	0.9485	0.9519	INV	INV	BAF_WEIGHTED	4	0.4015	64112964	64112964	1.0881	21.5544
chr12	64117741	64118211	26.1038	0	0.0000	0.8257	INV	DEL	STRUCTURAL_VARIANT	0	0.0000	64117741	64117741	4.5495	21.5544
chr12	64118212	64118219	22.7370	0	0.0000	0.9480	DEL	DEL	STRUCTURAL_VARIANT	0	0.0000	64118212	64118212	1.1827	21.5544
chr12	64118220	64118407	26.4264	0	0.0000	0.8156	DEL	INV	STRUCTURAL_VARIANT	0	0.0000	64118220	64118220	4.8721	21.5544
chr12	64118408	64120600	21.8394	1	0.9703	0.9740	INV	INV	BAF_WEIGHTED	1	0.3440	64118408	64118408	0.5668	21.2725
chr12	64120601	64129881	25.1151	2	0.9491	0.9523	INV	DUP	BAF_WEIGHTED	8	0.3979	64120601	64120601	1.1990	23.9161
chr12	64129882	64130334	26.2553	0	0.0000	0.9599	DUP	INV	STRUCTURAL_VARIANT	0	0.0000	64129882	64129882	1.0529	25.2024
chr12	64130335	64135168	24.1305	3	0.9531	0.9564	INV	DUP	BAF_WEIGHTED	3	0.4750	64130335	64130335	1.0529	23.0775
chr12	64135169	64148226	38.5668	5	0.9717	0.9738	DUP	INV	BAF_WEIGHTED	9	0.4171	64135169	64135169	1.0094	37.5574
chr12	64148227	64151143	32.4141	4	0.9687	0.9712	INV	SGL	BAF_WEIGHTED	2	0.4050	64148227	64148227	0.9330	31.4811
chr12	64151144	64151427	39.1654	0	0.0000	0.9762	SGL	DUP	STRUCTURAL_VARIANT	0	0.0000	64151144	64151144	0.9330	38.2323
chr12	64151428	64167018	33.2747	1	0.9927	0.9953	DUP	INV	BAF_WEIGHTED	15	0.4021	64151428	64151428	0.1572	33.1174
chr12	64167019	64168402	44.9639	0	0.0000	0.9776	INV	INV	STRUCTURAL_VARIANT	0	0.0000	64167019	64167019	1.0085	43.9554
chr12	64168403	64191059	33.6901	0	0.0000	0.9701	INV	DUP	BAF_WEIGHTED	22	0.4144	64168403	64168403	1.0085	32.6816
chr12	64191060	64191299	35.9072	0	0.0000	0.9719	DUP	INV	STRUCTURAL_VARIANT	0	0.0000	64191060	64191060	1.0085	34.8986
chr12	64191300	64191575	44.8487	0	0.0000	0.9775	INV	INV	STRUCTURAL_VARIANT	0	0.0000	64191300	64191300	1.0085	43.8402
chr12	64191576	64216068	35.9533	0	0.0000	0.9719	INV	INV	BAF_WEIGHTED	17	0.4007	64191576	64191576	1.0085	34.9447
chr12	64216069	64282610	32.5272	27	0.9665	0.9690	INV	DUP	BAF_WEIGHTED	65	0.4058	64216069	64216069	1.0085	31.5186
chr12	64282611	64282653	33.9575	0	0.0000	0.9703	DUP	DUP	STRUCTURAL_VARIANT	0	0.0000	64282611	64282611	1.0085	32.9489
chr12	64282654	64283317	35.5165	0	0.0000	0.9716	DUP	INV	STRUCTURAL_VARIANT	0	0.0000	64282654	64282654	1.0085	34.5080
chr12	64283318	64284024	32.1532	0	0.0000	0.9686	INV	INV	STRUCTURAL_VARIANT	0	0.0000	64283318	64283318	1.0085	31.1447
chr12	64284025	64315764	34.4061	9	0.9665	0.9689	INV	INV	BAF_WEIGHTED	20	0.4062	64284025	64284025	1.0715	33.3346
chr12	64315765	64318681	36.3270	4	0.9723	0.9745	INV	DUP	BAF_WEIGHTED	2	0.3830	64315765	64315765	0.9259	35.4011
chr12	64318682	64318845	37.8111	0	0.0000	0.9681	DUP	DEL	STRUCTURAL_VARIANT	0	0.0000	64318682	64318682	1.2047	36.6064
chr12	64318846	64324530	34.1333	8	0.9624	0.9647	DEL	INV	BAF_WEIGHTED	5	0.4180	64318846	64318846	1.2047	32.9286
chr12	64324531	64332543	36.3261	16	0.9705	0.9727	INV	DEL	BAF_WEIGHTED	6	0.4117	64324531	64324531	0.9916	35.3345
chr12	64332544	64370625	34.7252	41	0.9699	0.9723	DEL	INV	BAF_WEIGHTED	36	0.4203	64332544	64332544	0.9635	33.7617
chr12	64370626	64371236	34.9767	0	0.0000	0.9725	INV	DEL	STRUCTURAL_VARIANT	0	0.0000	64370626	64370626	0.9635	34.0132
chr12	64371237	64380624	34.3636	4	0.9677	0.9700	DEL	INV	BAF_WEIGHTED	8	0.4130	64371237	64371237	1.0303	33.3333
chr12	64380625	64380821	36.6191	0	0.0000	0.9737	INV	DEL	STRUCTURAL_VARIANT	0	0.0000	64380625	64380625	0.9623	35.6568
chr12	64380822	64383582	33.2802	0	0.0000	0.9711	DEL	DEL	BAF_WEIGHTED	2	0.4190	64380822	64380822	0.9623	32.3179
chr12	64383583	64386031	37.4887	0	0.0000	0.9743	DEL	DEL	BAF_WEIGHTED	2	0.4315	64383583	64383583	0.9623	36.5264
chr12	64386032	64397799	34.2835	8	0.9696	0.9719	DEL	DUP	BAF_WEIGHTED	9	0.4634	64386032	64386032	0.9623	33.3212
chr12	64397800	64399355	52.8982	0	0.0000	0.9840	DUP	INV	BAF_WEIGHTED	1	0.3930	64397800	64397800	0.8478	52.0504
chr12	64399356	64406671	49.2871	0	0.0000	0.9828	INV	INV	BAF_WEIGHTED	5	0.4885	64399356	64399356	0.8478	48.4393
chr12	64406672	64432827	48.7666	9	0.9809	0.9826	INV	DUP	BAF_WEIGHTED	25	0.3866	64406672	64406672	0.8478	47.9188
chr12	64432828	64435515	64.5735	1	0.9870	0.9883	DUP	DUP	BAF_WEIGHTED	2	0.3920	64432828	64432828	0.7548	63.8188
chr12	64435516	64468832	32.6389	23	0.9664	0.9689	DUP	DEL	BAF_WEIGHTED	28	0.3960	64435516	64435516	1.0156	31.6234
chr12	64468833	64537944	30.8251	51	0.9650	0.9676	DEL	INV	BAF_WEIGHTED	67	0.3967	64468833	64468833	0.9980	29.8270
chr12	64537945	64548029	44.2933	8	0.9762	0.9781	INV	INV	BAF_WEIGHTED	9	0.4377	64537945	64537945	0.9714	43.3219
chr12	64548030	64569625	47.6907	15	0.9756	0.9773	INV	DEL	BAF_WEIGHTED	20	0.4686	64548030	64548030	1.0809	46.6098
chr12	64569626	64573631	45.8786	0	0.0000	0.9764	DEL	INV	BAF_WEIGHTED	3	0.4333	64569626	64569626	1.0809	44.7977
chr12	64573632	64575114	27.9418	0	0.0000	0.9613	INV	DUP	BAF_WEIGHTED	1	0.4190	64573632	64573632	1.0809	26.8609
chr12	64575115	64604245	43.4615	3	0.9830	0.9849	DUP	DUP	BAF_WEIGHTED	27	0.4307	64575115	64575115	0.6548	42.8067
chr12	64604246	64608668	30.4116	0	0.0000	0.9545	DUP	INV	BAF_WEIGHTED	3	0.4387	64604246	64604246	1.3850	29.0266
chr12	64608669	64612520	42.6769	4	0.9657	0.9675	INV	INV	BAF_WEIGHTED	2	0.5867	64608669	64608669	1.3850	41.2919
chr12	64612521	64614484	39.7177	2	0.9734	0.9755	INV	DEL	BAF_WEIGHTED	1	0.3980	64612521	64612521	0.9742	38.7435
chr12	64614485	64615129	41.4863	0	0.0000	0.9747	DEL	INV	STRUCTURAL_VARIANT	0	0.0000	64614485	64614485	1.0496	40.4368
chr12	64615130	64615696	38.6577	0	0.0000	0.9729	INV	INV	STRUCTURAL_VARIANT	0	0.0000	64615130	64615130	1.0496	37.6081
chr12	64615697	64615789	40.3116	0	0.0000	0.9740	INV	DUP	STRUCTURAL_VARIANT	0	0.0000	64615697	64615697	1.0496	39.2621
chr12	64615790	64656950	38.8813	27	0.9709	0.9730	DUP	DEL	BAF_WEIGHTED	40	0.4243	64615790	64615790	1.0496	37.8318
chr12	64656951	64658575	31.4086	2	0.9700	0.9726	DEL	INV	BAF_WEIGHTED	1	0.4740	64656951	64656951	0.8605	30.5481
chr12	64658576	64668766	16.3550	4	0.9318	0.9364	INV	DEL	BAF_WEIGHTED	9	0.4192	64658576	64658576	1.0403	15.3147
chr12	64668767	64701880	30.4407	20	0.9651	0.9678	DEL	DEL	BAF_WEIGHTED	31	0.4460	64668767	64668767	0.9815	29.4592
chr12	64701881	64707540	28.8935	1	0.9587	0.9615	DEL	DUP	BAF_WEIGHTED	5	0.4610	64701881	64701881	1.1135	27.7800
chr12	64707541	64714669	11.2610	0	0.0000	0.8930	DUP	INV	BAF_WEIGHTED	6	0.4477	64707541	64707541	1.2050	10.0560
chr12	64714670	64749500	8.9598	2	0.8585	0.8655	INV	NONE	BAF_WEIGHTED	34	0.4184	64714670	64714670	1.2050	7.7548
chr12	64749501	64762671	14.7541	0	0.0000	0.9335	NONE	DUP	BAF_WEIGHTED	12	0.4333	64749001	64750001	0.9816	13.7725
chr12	64762672	64800058	12.2516	3	0.9140	0.9199	DUP	DEL	BAF_WEIGHTED	37	0.4106	64762672	64762672	0.9816	11.2700
chr12	64800059	64902713	1.0449	17	0.9375	1.0103	DEL	DUP	BAF_WEIGHTED	91	0.4169	64800059	64800059	0.0000	1.0449
chr12	64902714	64929818	28.7168	10	0.9629	0.9657	DUP	INV	BAF_WEIGHTED	26	0.4022	64902714	64902714	0.9849	27.7319
chr12	64929819	64945017	15.0973	4	0.9444	0.9495	INV	INV	BAF_WEIGHTED	14	0.4267	64929819	64929819	0.7621	14.3351
chr12	64945018	65360376	1.0116	62	0.9126	0.9817	INV	INV	BAF_WEIGHTED	390	0.3774	64945018	64945018	0.0185	0.9931
chr12	65360377	65476744	6.9808	100	0.8448	0.8534	INV	INV	BAF_WEIGHTED	112	0.3717	65360377	65360377	1.0231	5.9577
chr12	65476745	65478641	0.8006	1	0.9000	1.0000	INV	INV	BAF_WEIGHTED	1	0.3210	65476745	65476745	0.0000	0.8006
chr12	65478642	65545840	13.1139	27	0.9190	0.9246	INV	DUP	BAF_WEIGHTED	66	0.4155	65478642	65478642	0.9894	12.1245
chr12	65545841	65548560	15.6816	0	0.0000	0.9369	DUP	DUP	BAF_WEIGHTED	2	0.4415	65545841	65545841	0.9894	14.6922
chr12	65548561	65618853	13.0945	0	0.0000	0.9244	DUP	DUP	BAF_WEIGHTED	61	0.3945	65548561	65548561	0.9894	12.1051
chr12	65618854	65689000	6.9930	11	0.8523	0.8611	DUP	NONE	BAF_WEIGHTED	68	0.3933	65618854	65618854	0.9716	6.0214
chr12	65689001	65750282	34.7802	15	0.9701	0.9725	NONE	DUP	BAF_WEIGHTED	58	0.4110	65689001	65689001	0.9582	33.8220
chr12	65750283	65762673	37.3539	15	0.9724	0.9746	DUP	INV	BAF_WEIGHTED	11	0.4198	65750283	65750283	0.9488	36.4051
chr12	65762674	65773891	34.0092	9	0.9680	0.9704	INV	DEL	BAF_WEIGHTED	10	0.4093	65762674	65762674	1.0069	33.0023
chr12	65773892	65776374	7.1688	0	0.0000	0.8554	DEL	INV	BAF_WEIGHTED	2	0.4105	65773892	65773892	1.0363	6.1325
chr12	65776375	65805656	1.0399	0	0.0000	0.9965	INV	DEL	BAF_WEIGHTED	28	0.3965	65776375	65776375	0.0036	1.0363
chr12	65805657	65812622	40.6070	0	0.0000	0.9745	DEL	DEL	BAF_WEIGHTED	6	0.3887	65805657	65805657	1.0363	39.5707
chr12	65812623	65872054	10.9726	0	0.0000	0.9056	DEL	DEL	BAF_WEIGHTED	56	0.3954	65812623	65812623	1.0363	9.9363
chr12	65872055	66014489	11.1783	30	0.9011	0.9073	DEL	INV	BAF_WEIGHTED	131	0.3904	65872055	65872055	1.0363	10.1419
chr12	66014490	66034505	13.1288	14	0.9246	0.9302	INV	DEL	BAF_WEIGHTED	19	0.3859	66014490	66014490	0.9161	12.2127
chr12	66034506	66038210	11.3271	0	0.0000	0.9191	DEL	INV	BAF_WEIGHTED	3	0.3997	66034506	66034506	0.9161	10.4110
chr12	66038211	66052364	13.0734	0	0.0000	0.9299	INV	DEL	BAF_WEIGHTED	13	0.3931	66038211	66038211	0.9161	12.1574
chr12	66052365	66059164	10.8306	0	0.0000	0.9154	DEL	DEL	BAF_WEIGHTED	6	0.3842	66052365	66052365	0.9161	9.9145
chr12	66059165	66063404	19.8990	6	0.9428	0.9467	DEL	DUP	BAF_WEIGHTED	3	0.4050	66059165	66059165	1.0612	18.8378
chr12	66063405	66070031	11.3962	2	0.9502	0.9570	DUP	INV	BAF_WEIGHTED	5	0.3594	66063405	66063405	0.4898	10.9064
chr12	66070032	66082000	10.7273	13	0.9091	0.9157	INV	NONE	BAF_WEIGHTED	11	0.3995	66070032	66070032	0.9040	9.8233
chr12	66082001	66095202	38.6940	12	0.9717	0.9738	NONE	DUP	BAF_WEIGHTED	12	0.4011	66082001	66082001	1.0130	37.6810
chr12	66095203	66132264	10.9401	47	0.9006	0.9070	DUP	DUP	BAF_WEIGHTED	30	0.3951	66095203	66095203	1.0178	9.9223
chr12	66132265	66166594	20.8999	34	0.9480	0.9517	DUP	DUP	BAF_WEIGHTED	31	0.3752	66132265	66132265	1.0089	19.8910
chr12	66166595	66211360	22.7718	38	0.9562	0.9596	DUP	DEL	BAF_WEIGHTED	41	0.4083	66166595	66166595	0.9192	21.8526
chr12	66211361	66214315	49.7541	1	0.9837	0.9854	DEL	DUP	BAF_WEIGHTED	2	0.4210	66211361	66211361	0.7269	49.0273
chr12	66214316	66224037	69.1148	4	0.9849	0.9861	DUP	DUP	BAF_WEIGHTED	8	0.3721	66214316	66214316	0.9628	68.1520
chr12	66224038	66248198	68.2980	12	0.9841	0.9854	DUP	INV	BAF_WEIGHTED	22	0.4222	66224038	66224038	0.9983	67.2996
chr12	66248199	66258205	71.2598	1	0.9824	0.9836	INV	DUP	BAF_WEIGHTED	9	0.3901	66248199	66248199	1.1703	70.0895
chr12	66258206	66267063	69.1980	2	0.9819	0.9832	DUP	DEL	BAF_WEIGHTED	8	0.4026	66258206	66258206	1.1652	68.0328
chr12	66267064	66269549	63.2843	3	0.9802	0.9815	DEL	INV	BAF_WEIGHTED	1	0.4360	66267064	66267064	1.1695	62.1147
chr12	66269550	67718458	1.0216	883	0.9286	1.0016	INV	INV	BAF_WEIGHTED	1385	0.3898	66269550	66269550	0.0000	1.0216
chr12	67718459	67745451	25.1752	1	0.9530	0.9561	INV	DUP	BAF_WEIGHTED	25	0.3974	67718459	67718459	1.1044	24.0707
chr12	67745452	67759101	27.7786	0	0.0000	0.9621	DUP	INV	BAF_WEIGHTED	13	0.4218	67745452	67745452	1.0534	26.7251
chr12	67759102	67775371	25.5284	0	0.0000	0.9587	INV	DUP	BAF_WEIGHTED	8	0.4204	67759102	67759102	1.0534	24.4749
chr12	67775372	67778342	10.6058	0	0.0000	0.9007	DUP	INV	BAF_WEIGHTED	2	0.4075	67775372	67775372	1.0534	9.5523
chr12	67778343	67778515	15.5399	0	0.0000	0.9322	INV	INV	STRUCTURAL_VARIANT	0	0.0000	67778343	67778343	1.0534	14.4865
chr12	67778516	67778529	23.2346	0	0.0000	0.9547	INV	INV	STRUCTURAL_VARIANT	0	0.0000	67778516	67778516	1.0534	22.1812
chr12	67778530	67807564	16.9233	33	0.9333	0.9378	INV	DEL	BAF_WEIGHTED	28	0.3952	67778530	67778530	1.0534	15.8699
chr12	67807565	67812766	15.2982	2	0.9108	0.9155	DEL	DUP	BAF_WEIGHTED	4	0.4045	67807565	67807565	1.2924	14.0059
chr12	67812767	67817530	16.7262	0	0.0000	0.8374	DUP	INV	BAF_WEIGHTED	4	0.3528	67812767	67812767	2.7203	14.0059
chr12	67817531	67857289	14.7219	1	0.9412	0.9464	INV	DEL	BAF_WEIGHTED	32	0.3860	67817531	67817531	0.7889	13.9330
chr12	67857290	67866558	17.0433	0	0.0000	0.9321	DEL	DEL	BAF_WEIGHTED	6	0.3777	67857290	67857290	1.1565	15.8868
chr12	67866559	67867023	19.6159	0	0.0000	0.9410	DEL	DEL	STRUCTURAL_VARIANT	0	0.0000	67866559	67866559	1.1565	18.4594
chr12	67867024	67867464	19.0938	0	0.0000	0.9394	DEL	DEL	STRUCTURAL_VARIANT	0	0.0000	67867024	67867024	1.1565	17.9373
chr12	67867465	67869424	17.2297	0	0.0000	0.9329	DEL	DEL	BAF_WEIGHTED	1	0.3990	67867465	67867465	1.1565	16.0732
chr12	67869425	67869568	20.3587	0	0.0000	0.9432	DEL	INV	STRUCTURAL_VARIANT	0	0.0000	67869425	67869425	1.1565	19.2022
chr12	67869569	67921585	16.7667	35	0.9266	0.9310	INV	INV	BAF_WEIGHTED	44	0.3959	67869569	67869569	1.1565	15.6102
chr12	67921586	67935511	7.0789	8	0.8590	0.8678	INV	INV	BAF_WEIGHTED	13	0.4092	67921586	67921586	0.9357	6.1432
chr12	67935512	67936839	2.5171	0	0.0000	0.5932	INV	INV	STRUCTURAL_VARIANT	0	0.0000	67935512	67935512	1.0240	1.4931
chr12	67936840	68044181	16.3162	92	0.9326	0.9372	INV	DUP	BAF_WEIGHTED	104	0.3901	67936840	67936840	1.0240	15.2922
chr12	68044182	68058798	25.7243	4	0.9590	0.9621	DUP	INV	BAF_WEIGHTED	8	0.3756	68044182	68044182	0.9749	24.7494
chr12	68058799	68088807	28.0254	12	0.9597	0.9625	INV	INV	BAF_WEIGHTED	29	0.3851	68058799	68058799	1.0509	26.9745
chr12	68088808	68089261	29.8199	0	0.0000	0.9648	INV	INV	STRUCTURAL_VARIANT	0	0.0000	68088808	68088808	1.0509	28.7690
chr12	68089262	68091777	27.6957	0	0.0000	0.9621	INV	INV	BAF_WEIGHTED	1	0.3330	68089262	68089262	1.0509	26.6448
chr12	68091778	68108033	30.2256	0	0.0000	0.9652	INV	INV	BAF_WEIGHTED	16	0.3900	68091778	68091778	1.0509	29.1747
chr12	68108034	68114119	32.7408	0	0.0000	0.9679	INV	DUP	BAF_WEIGHTED	5	0.3932	68108034	68108034	1.0509	31.6899
chr12	68114120	68122372	34.5508	5	0.9684	0.9708	DUP	INV	BAF_WEIGHTED	7	0.4066	68114120	68114120	1.0103	33.5405
chr12	68122373	68122617	37.0461	0	0.0000	0.9759	INV	INV	STRUCTURAL_VARIANT	0	0.0000	68122373	68122373	0.8929	36.1532
chr12	68122618	68139990	34.4509	15	0.9717	0.9741	INV	DUP	BAF_WEIGHTED	16	0.3929	68122618	68122618	0.8929	33.5580
chr12	68139991	68143373	37.3966	4	0.9695	0.9717	DUP	DUP	BAF_WEIGHTED	3	0.3950	68139991	68139991	1.0589	36.3376
chr12	68143374	68147286	35.2421	4	0.9573	0.9596	DUP	DEL	BAF_WEIGHTED	3	0.3530	68143374	68143374	1.4235	33.8186
chr12	68147287	68153275	28.3039	12	0.9597	0.9625	DEL	INV	BAF_WEIGHTED	5	0.4152	68147287	68147287	1.0621	27.2417
chr12	68153276	68154730	30.7281	0	0.0000	0.9654	INV	DEL	STRUCTURAL_VARIANT	0	0.0000	68153276	68153276	1.0621	29.6659
chr12	68154731	68156519	28.6887	1	0.9612	0.9640	DEL	INV	BAF_WEIGHTED	1	0.3430	68154731	68154731	1.0329	27.6558
chr12	68156520	68157126	30.2684	0	0.0000	0.9655	INV	INV	STRUCTURAL_VARIANT	0	0.0000	68156520	68156520	1.0437	29.2248
chr12	68157127	68157561	31.8117	0	0.0000	0.9672	INV	INV	STRUCTURAL_VARIANT	0	0.0000	68157127	68157127	1.0437	30.7680
chr12	68157562	68157594	28.7155	0	0.0000	0.9637	INV	DUP	STRUCTURAL_VARIANT	0	0.0000	68157562	68157562	1.0437	27.6719
chr12	68157595	68157928	26.8179	0	0.0000	0.9611	DUP	INV	STRUCTURAL_VARIANT	0	0.0000	68157595	68157595	1.0437	25.7743
chr12	68157929	68158055	28.9709	0	0.0000	0.9640	INV	DUP	STRUCTURAL_VARIANT	0	0.0000	68157929	68157929	1.0437	27.9273
chr12	68158056	68184170	27.9509	34	0.9598	0.9627	DUP	INV	BAF_WEIGHTED	25	0.3903	68158056	68158056	1.0437	26.9072
chr12	68184171	68184822	39.5864	0	0.0000	0.9736	INV	DEL	STRUCTURAL_VARIANT	0	0.0000	68184171	68184171	1.0437	38.5428
chr12	68184823	68186040	41.1339	0	0.0000	0.9746	DEL	DUP	BAF_WEIGHTED	1	0.4230	68184823	68184823	1.0437	40.0902
chr12	68186041	68201367	39.6705	16	0.9743	0.9763	DUP	DUP	BAF_WEIGHTED	14	0.4002	68186041	68186041	0.9390	38.7314
chr12	68201368	68201502	43.2322	0	0.0000	0.9783	DUP	INV	STRUCTURAL_VARIANT	0	0.0000	68201368	68201368	0.9390	42.2932
chr12	68201503	68201953	40.4929	0	0.0000	0.9768	INV	DUP	STRUCTURAL_VARIANT	0	0.0000	68201503	68201503	0.9390	39.5539
chr12	68201954	68207069	42.4539	3	0.9765	0.9785	DUP	MULTIPLE	BAF_WEIGHTED	5	0.4020	68201954	68201954	0.9148	41.5391
chr12	68207070	68208018	43.0738	0	0.0000	0.9788	MULTIPLE	DEL	STRUCTURAL_VARIANT	0	0.0000	68207070	68207070	0.9148	42.1590
chr12	68208019	68211096	39.0991	1	0.9850	0.9872	DEL	INV	BAF_WEIGHTED	2	0.3625	68208019	68208019	0.5021	38.5970
chr12	68211097	68214488	42.0777	2	0.9667	0.9686	INV	DUP	BAF_WEIGHTED	2	0.3145	68211097	68211097	1.3200	40.7577
chr12	68214489	68227590	44.1417	14	0.9768	0.9786	DUP	INV	BAF_WEIGHTED	12	0.3561	68214489	68214489	0.9434	43.1984
chr12	68227591	68230221	44.1810	5	0.9701	0.9720	INV	DUP	BAF_WEIGHTED	2	0.3850	68227591	68227591	1.2393	42.9418
chr12	68230222	68235945	44.7823	6	0.9730	0.9748	DUP	DUP	BAF_WEIGHTED	4	0.4248	68230222	68230222	1.1269	43.6555
chr12	68235946	68237351	42.7890	1	0.9782	0.9801	DUP	DUP	BAF_WEIGHTED	1	0.4420	68235946	68235946	0.8496	41.9394
chr12	68237352	68245806	40.6696	5	0.9650	0.9670	DUP	INV	BAF_WEIGHTED	7	0.4280	68237352	68237352	1.3426	39.3270
chr12	68245807	68247008	42.8091	1	0.9692	0.9711	INV	INV	BAF_WEIGHTED	1	0.4780	68245807	68245807	1.2369	41.5722
chr12	68247009	68260541	40.0682	12	0.9715	0.9735	INV	INV	BAF_WEIGHTED	12	0.3833	68247009	68247009	1.0599	39.0082
chr12	68260542	68265519	41.2077	7	0.9780	0.9800	INV	DUP	BAF_WEIGHTED	4	0.3885	68260542	68260542	0.8234	40.3843
chr12	68265520	68281115	40.2042	15	0.9742	0.9762	DUP	DEL	BAF_WEIGHTED	15	0.4115	68265520	68265520	0.9557	39.2485
chr12	68281116	68290010	42.6466	0	0.0000	0.9763	DEL	DEL	BAF_WEIGHTED	6	0.4163	68281116	68281116	1.0123	41.6344
chr12	68290011	68433718	1.0342	39	0.9091	0.9788	DEL	INV	BAF_WEIGHTED	141	0.4083	68290011	68290011	0.0219	1.0123
chr12	68433719	68505103	8.9989	69	0.8882	0.8957	INV	DEL	BAF_WEIGHTED	70	0.4014	68433719	68433719	0.9386	8.0603
chr12	68505104	68505442	10.6977	0	0.0000	0.9123	DEL	INV	STRUCTURAL_VARIANT	0	0.0000	68505104	68505104	0.9386	9.7591
chr12	68505443	68565847	8.9755	27	0.8686	0.8757	INV	INV	BAF_WEIGHTED	51	0.3887	68505443	68505443	1.1153	7.8602
chr12	68565848	68614202	6.8438	25	0.8462	0.8550	INV	INV	BAF_WEIGHTED	47	0.4223	68565848	68565848	0.9924	5.8515
chr12	68614203	68620948	9.0683	1	0.9021	0.9098	INV	DEL	BAF_WEIGHTED	5	0.3930	68614203	68614203	0.8179	8.2504
chr12	68620949	68673444	13.0365	16	0.9118	0.9173	DEL	DUP	BAF_WEIGHTED	50	0.3851	68620949	68620949	1.0780	11.9585
chr12	68673445	68750855	14.7083	27	0.9282	0.9333	DUP	DEL	BAF_WEIGHTED	75	0.3989	68673445	68673445	0.9816	13.7267
chr12	68750856	68755257	36.0737	1	0.9612	0.9634	DEL	INV	BAF_WEIGHTED	4	0.4450	68750856	68750856	1.3195	34.7543
chr12	68755258	68756568	43.0597	0	0.0000	0.9805	INV	DEL	STRUCTURAL_VARIANT	0	0.0000	68755258	68755258	0.8405	42.2192
chr12	68756569	68763935	46.4330	5	0.9801	0.9819	DEL	DUP	BAF_WEIGHTED	6	0.4203	68756569	68756569	0.8405	45.5925
chr12	68763936	68773675	40.1228	1	0.9697	0.9717	DUP	DUP	BAF_WEIGHTED	9	0.4187	68763936	68763936	1.1340	38.9888
chr12	68773676	68775103	30.5791	0	0.0000	0.9765	DUP	DEL	NON_DIPLOID	1	0.4760	68773676	68773676	0.7184	29.8608
chr12	68775104	68777383	29.7636	1	0.9731	0.9759	DEL	INV	BAF_WEIGHTED	1	0.5090	68775104	68775104	0.7184	29.0453
chr12	68777384	68777466	48.7437	0	0.0000	0.9771	INV	INV	STRUCTURAL_VARIANT	0	0.0000	68777384	68777384	1.1186	47.6251
chr12	68777467	68777475	70.7832	0	0.0000	0.9842	INV	DUP	STRUCTURAL_VARIANT	0	0.0000	68777467	68777467	1.1186	69.6646
chr12	68777476	68790115	51.7877	8	0.9768	0.9784	DUP	INV	BAF_WEIGHTED	12	0.4318	68777476	68777476	1.1186	50.6691
chr12	68790116	68791044	49.8337	0	0.0000	0.9776	INV	INV	STRUCTURAL_VARIANT	0	0.0000	68790116	68790116	1.1186	48.7152
chr12	68791045	68800857	48.4304	3	0.9759	0.9776	INV	DEL	BAF_WEIGHTED	8	0.4444	68791045	68791045	1.0844	47.3460
chr12	68800858	68817802	44.9694	15	0.9755	0.9773	DEL	INV	BAF_WEIGHTED	15	0.4315	68800858	68800858	1.0191	43.9504
chr12	68817803	68819534	38.6908	2	0.9718	0.9739	INV	INV	BAF_WEIGHTED	1	0.3310	68817803	68817803	1.0110	37.6798
chr12	68819535	68825860	46.6715	6	0.9748	0.9766	INV	INV	BAF_WEIGHTED	5	0.3814	68819535	68819535	1.0935	45.5780
chr12	68825861	68826110	49.5559	0	0.0000	0.9779	INV	INV	STRUCTURAL_VARIANT	0	0.0000	68825861	68825861	1.0935	48.4623
chr12	68826111	68826436	53.7840	0	0.0000	0.9797	INV	DUP	STRUCTURAL_VARIANT	0	0.0000	68826111	68826111	1.0935	52.6905
chr12	68826437	68826447	51.6562	0	0.0000	0.9788	DUP	DUP	STRUCTURAL_VARIANT	0	0.0000	68826437	68826437	1.0935	50.5627
chr12	68826448	68826514	48.8543	0	0.0000	0.9776	DUP	INV	STRUCTURAL_VARIANT	0	0.0000	68826448	68826448	1.0935	47.7608
chr12	68826515	68826909	45.8130	0	0.0000	0.9761	INV	DUP	STRUCTURAL_VARIANT	0	0.0000	68826515	68826515	1.0935	44.7195
chr12	68826910	68829692	47.2826	2	0.9758	0.9775	DUP	INV	BAF_WEIGHTED	2	0.3695	68826910	68826910	1.0639	46.2188
chr12	68829693	68829927	48.0362	0	0.0000	0.9730	INV	DEL	STRUCTURAL_VARIANT	0	0.0000	68829693	68829693	1.2961	46.7400
chr12	68829928	68840251	45.6238	5	0.9698	0.9716	DEL	DEL	BAF_WEIGHTED	10	0.3837	68829928	68829928	1.2961	44.3276
chr12	68840252	68854903	43.0476	1	0.9602	0.9621	DEL	INV	BAF_WEIGHTED	12	0.3998	68840252	68840252	1.6333	41.4143
chr12	68854904	68881686	46.1032	2	0.9736	0.9753	INV	INV	BAF_WEIGHTED	26	0.4215	68854904	68854904	1.1371	44.9661
chr12	68881687	68885319	46.5638	0	0.0000	0.9794	INV	DUP	BAF_WEIGHTED	3	0.4187	68881687	68881687	0.9572	45.6066
chr12	68885320	68888118	45.7435	0	0.0000	0.9791	DUP	DEL	BAF_WEIGHTED	2	0.4095	68885320	68885320	0.9572	44.7863
chr12	68888119	68987498	30.9024	44	0.9664	0.9690	DEL	DEL	BAF_WEIGHTED	92	0.4109	68888119	68888119	0.9572	29.9452
chr12	68987499	68987819	32.0167	0	0.0000	0.9701	DEL	DEL	STRUCTURAL_VARIANT	0	0.0000	68987499	68987499	0.9572	31.0595
chr12	68987820	68997381	31.1200	8	0.9583	0.9608	DEL	INV	BAF_WEIGHTED	3	0.3797	68987820	68987820	1.2196	29.9004
chr12	68997382	69003142	1.0535	5	0.9231	0.9929	INV	DEL	BAF_WEIGHTED	5	0.4078	68997382	68997382	0.0074	1.0461
chr12	69003143	69026351	32.9367	23	0.9702	0.9727	DEL	INV	BAF_WEIGHTED	22	0.4126	69003143	69003143	0.8997	32.0370
chr12	69026352	69031106	30.8615	1	0.9686	0.9712	INV	DEL	BAF_WEIGHTED	4	0.4105	69026352	69026352	0.8876	29.9740
chr12	69031107	69066621	23.3166	19	0.9550	0.9584	DEL	DUP	BAF_WEIGHTED	33	0.4090	69031107	69031107	0.9701	22.3464
chr12	69066622	69295985	1.0214	159	0.9444	1.0201	DUP	INV	BAF_WEIGHTED	220	0.4039	69066622	69066622	0.0000	1.0214
chr12	69295986	69299891	10.3851	6	0.8946	0.9013	INV	DUP	BAF_WEIGHTED	3	0.4340	69295986	69295986	1.0254	9.3597
chr12	69299892	69300128	59.4618	0	0.0000	0.9827	DUP	DUP	STRUCTURAL_VARIANT	0	0.0000	69299892	69299892	1.0280	58.4338
chr12	69300129	69390759	9.9574	88	0.8900	0.8968	DUP	INV	BAF_WEIGHTED	83	0.3927	69300129	69300129	1.0280	8.9294
chr12	69390760	69396081	26.1214	8	0.9597	0.9628	INV	DEL	BAF_WEIGHTED	5	0.3638	69390760	69390760	0.9727	25.1487
chr12	69396082	69396852	29.7071	0	0.0000	0.9673	DEL	INV	STRUCTURAL_VARIANT	0	0.0000	69396082	69396082	0.9727	28.7344
chr12	69396853	69397082	27.8106	0	0.0000	0.9650	INV	DEL	STRUCTURAL_VARIANT	0	0.0000	69396853	69396853	0.9727	26.8379
chr12	69397083	69397136	29.3446	0	0.0000	0.9669	DEL	INV	STRUCTURAL_VARIANT	0	0.0000	69397083	69397083	0.9727	28.3718
chr12	69397137	69397412	30.5561	0	0.0000	0.9682	INV	DEL	STRUCTURAL_VARIANT	0	0.0000	69397137	69397137	0.9727	29.5833
chr12	69397413	69397535	27.9500	0	0.0000	0.9652	DEL	INV	STRUCTURAL_VARIANT	0	0.0000	69397413	69397413	0.9727	26.9772
chr12	69397536	69403876	25.5313	1	0.9517	0.9548	INV	INV	BAF_WEIGHTED	5	0.3952	69397536	69397536	1.1546	24.3767
chr12	69403877	69405892	29.7429	0	0.0000	0.9737	INV	DEL	BAF_WEIGHTED	1	0.4330	69403877	69403877	0.7837	28.9592
chr12	69405893	69411191	25.3585	5	0.9659	0.9691	DEL	SGL	BAF_WEIGHTED	5	0.3996	69405893	69405893	0.7837	24.5748
chr12	69411192	69415134	23.3136	8	0.9524	0.9557	SGL	INV	BAF_WEIGHTED	3	0.4507	69411192	69411192	1.0322	22.2814
chr12	69415135	69415463	20.8536	0	0.0000	0.9548	INV	DEL	STRUCTURAL_VARIANT	0	0.0000	69415135	69415135	0.9427	19.9108
chr12	69415464	69415831	24.6006	0	0.0000	0.9617	DEL	INV	STRUCTURAL_VARIANT	0	0.0000	69415464	69415464	0.9427	23.6579
chr12	69415832	69434570	21.8754	11	0.9533	0.9569	INV	INV	BAF_WEIGHTED	18	0.4246	69415832	69415832	0.9427	20.9327
chr12	69434571	69434915	22.4384	0	0.0000	0.9509	INV	BND	STRUCTURAL_VARIANT	0	0.0000	69434571	69434571	1.1013	21.3371
chr12	69434916	69512315	21.9534	39	0.9463	0.9498	BND	INV	BAF_WEIGHTED	74	0.3929	69434916	69434916	1.1013	20.8521
chr12	69512316	69540444	27.2375	24	0.9614	0.9643	INV	DEL	BAF_WEIGHTED	27	0.3875	69512316	69512316	0.9725	26.2650
chr12	69540445	69545838	29.3505	7	0.9697	0.9725	DEL	INV	BAF_WEIGHTED	4	0.3520	69540445	69540445	0.8076	28.5428
chr12	69545839	69576352	27.9075	27	0.9656	0.9685	INV	DEL	BAF_WEIGHTED	29	0.3779	69545839	69545839	0.8790	27.0285
chr12	69576353	69693364	27.2314	137	0.9605	0.9634	DEL	INV	BAF_WEIGHTED	113	0.4214	69576353	69576353	0.9956	26.2358
chr12	69693365	69693739	25.3702	0	0.0000	0.9608	INV	INV	STRUCTURAL_VARIANT	0	0.0000	69693365	69693365	0.9956	24.3746
chr12	69693740	69693801	26.8703	0	0.0000	0.9629	INV	DUP	STRUCTURAL_VARIANT	0	0.0000	69693740	69693740	0.9956	25.8748
chr12	69693802	69699846	29.0572	8	0.9656	0.9684	DUP	INV	BAF_WEIGHTED	5	0.3360	69693802	69693802	0.9186	28.1386
chr12	69699847	70449156	0.9985	294	0.9286	1.0000	INV	INV	BAF_WEIGHTED	680	0.3781	69699847	69699847	0.0000	0.9985
chr12	70449157	70522609	26.9180	69	0.9571	0.9601	INV	DUP	BAF_WEIGHTED	64	0.4011	70449157	70449157	1.0753	25.8427
chr12	70522610	70530689	50.1805	1	0.9766	0.9783	DUP	INV	BAF_WEIGHTED	7	0.4146	70522610	70522610	1.0913	49.0892
chr12	70530690	70534406	53.3591	1	0.9712	0.9727	INV	INV	BAF_WEIGHTED	3	0.4277	70530690	70530690	1.4548	51.9043
chr12	70534407	70542027	55.8051	0	0.0000	0.9774	INV	DEL	BAF_WEIGHTED	7	0.4206	70534407	70534407	1.2609	54.5442
chr12	70542028	70545315	52.9950	2	0.9747	0.9762	DEL	INV	BAF_WEIGHTED	2	0.3570	70542028	70542028	1.2609	51.7341
chr12	70545316	70564153	39.9275	15	0.9760	0.9781	INV	INV	BAF_WEIGHTED	18	0.4263	70545316	70545316	0.8755	39.0520
chr12	70564154	70620957	24.9231	30	0.9548	0.9580	INV	INV	BAF_WEIGHTED	55	0.3937	70564154	70564154	1.0462	23.8770
chr12	70620958	70638370	40.5560	2	0.9677	0.9697	INV	DEL	BAF_WEIGHTED	15	0.3641	70620958	70620958	1.2286	39.3273
chr12	70638371	70638610	43.5329	0	0.0000	0.9718	DEL	INV	STRUCTURAL_VARIANT	0	0.0000	70638371	70638371	1.2286	42.3043
chr12	70638611	70651120	40.4250	0	0.0000	0.9696	INV	DEL	BAF_WEIGHTED	12	0.3955	70638611	70638611	1.2286	39.1964
chr12	70651121	70651854	41.7965	0	0.0000	0.9706	DEL	DEL	STRUCTURAL_VARIANT	0	0.0000	70651121	70651121	1.2286	40.5679
chr12	70651855	70652231	38.1424	0	0.0000	0.9678	DEL	DEL	STRUCTURAL_VARIANT	0	0.0000	70651855	70651855	1.2286	36.9137
chr12	70652232	70674864	40.2441	0	0.0000	0.9695	DEL	DEL	BAF_WEIGHTED	21	0.3857	70652232	70652232	1.2286	39.0155
chr12	70674865	70676781	40.9171	0	0.0000	0.9700	DEL	INV	BAF_WEIGHTED	1	0.2940	70674865	70674865	1.2286	39.6885
chr12	70676782	70679154	39.6450	0	0.0000	0.9690	INV	INV	BAF_WEIGHTED	2	0.3805	70676782	70676782	1.2286	38.4163
chr12	70679155	70691784	77.2102	0	0.0000	0.9841	INV	DUP	BAF_WEIGHTED	10	0.3897	70679155	70679155	1.2286	75.9816
chr12	70691785	70691886	76.2737	0	0.0000	0.9839	DUP	DUP	STRUCTURAL_VARIANT	0	0.0000	70691785	70691785	1.2286	75.0451
chr12	70691887	70692237	77.5521	0	0.0000	0.9842	DUP	DEL	STRUCTURAL_VARIANT	0	0.0000	70691887	70691887	1.2286	76.3235
chr12	70692238	70694496	76.0592	1	0.9889	0.9900	DEL	DEL	BAF_WEIGHTED	1	0.3790	70692238	70692238	0.7592	75.2999
chr12	70694497	70702640	79.2165	3	0.9832	0.9843	DEL	DUP	BAF_WEIGHTED	7	0.3519	70694497	70694497	1.2468	77.9697
chr12	70702641	70702654	67.7688	0	0.0000	0.9818	DUP	DUP	STRUCTURAL_VARIANT	0	0.0000	70702641	70702641	1.2312	66.5376
chr12	70702655	70703659	73.9720	0	0.0000	0.9834	DUP	INV	STRUCTURAL_VARIANT	0	0.0000	70702655	70702655	1.2312	72.7408
chr12	70703660	70707610	1.1992	3	0.9600	1.0267	INV	DEL	BAF_WEIGHTED	3	0.3423	70703660	70703660	0.0000	1.1992
chr12	70707611	70707966	35.8688	0	0.0000	0.9733	DEL	DUP	STRUCTURAL_VARIANT	0	0.0000	70707611	70707611	0.9571	34.9116
chr12	70707967	70715984	31.9522	11	0.9675	0.9700	DUP	DEL	BAF_WEIGHTED	7	0.3533	70707967	70707967	0.9571	30.9950
chr12	70715985	70719724	18.4343	3	0.9288	0.9328	DEL	INV	BAF_WEIGHTED	3	0.3420	70715985	70715985	1.2379	17.1963
chr12	70719725	70757136	20.3685	10	0.9509	0.9547	INV	INV	BAF_WEIGHTED	37	0.3820	70719725	70719725	0.9217	19.4469
chr12	70757137	70779771	31.5199	29	0.9669	0.9695	INV	INV	BAF_WEIGHTED	15	0.3728	70757137	70757137	0.9621	30.5578
chr12	70779772	70810270	30.9988	19	0.9614	0.9640	INV	INV	BAF_WEIGHTED	28	0.3807	70779772	70779772	1.1163	29.8825
chr12	70810271	70810822	33.5346	0	0.0000	0.9687	INV	INV	STRUCTURAL_VARIANT	0	0.0000	70810271	70810271	1.0491	32.4855
chr12	70810823	70833440	32.1006	25	0.9648	0.9673	INV	DUP	BAF_WEIGHTED	22	0.3956	70810823	70810823	1.0491	31.0515
chr12	70833441	70833910	30.5931	0	0.0000	0.9657	DUP	INV	STRUCTURAL_VARIANT	0	0.0000	70833441	70833441	1.0491	29.5440
chr12	70833911	70834427	32.1363	0	0.0000	0.9674	INV	DUP	STRUCTURAL_VARIANT	0	0.0000	70833911	70833911	1.0491	31.0872
chr12	70834428	70834569	31.3907	0	0.0000	0.9666	DUP	DUP	STRUCTURAL_VARIANT	0	0.0000	70834428	70834428	1.0491	30.3415
chr12	70834570	70834967	32.8562	0	0.0000	0.9681	DUP	INV	STRUCTURAL_VARIANT	0	0.0000	70834570	70834570	1.0491	31.8071
chr12	70834968	70850861	31.1362	12	0.9687	0.9713	INV	DUP	BAF_WEIGHTED	15	0.3658	70834968	70834968	0.8931	30.2432
chr12	70850862	70864867	31.3308	15	0.9651	0.9677	DUP	DEL	BAF_WEIGHTED	12	0.3756	70850862	70850862	1.0126	30.3182
chr12	70864868	70889604	28.5861	18	0.9633	0.9662	DEL	INV	BAF_WEIGHTED	19	0.3761	70864868	70864868	0.9671	27.6190
chr12	70889605	70894869	1.0003	1	0.8750	0.9402	INV	DUP	BAF_WEIGHTED	4	0.3628	70889605	70889605	0.0598	0.9405
chr12	70894870	70929809	9.0231	27	0.8973	0.9050	DUP	DEL	BAF_WEIGHTED	32	0.3627	70894870	70894870	0.8576	8.1656
chr12	70929810	70937692	11.3386	4	0.8961	0.9022	DEL	DUP	BAF_WEIGHTED	3	0.3737	70929810	70929810	1.1092	10.2294
chr12	70937693	71014414	13.0436	61	0.9193	0.9249	DUP	INV	BAF_WEIGHTED	75	0.3672	70937693	70937693	0.9797	12.0639
chr12	71014415	71016278	24.9753	0	0.0000	0.9584	INV	DUP	BAF_WEIGHTED	1	0.3770	71014415	71014415	1.0378	23.9375
chr12	71016279	71109966	1.0318	65	0.9335	1.0058	DUP	INV	BAF_WEIGHTED	86	0.3725	71016279	71016279	0.0000	1.0318
chr12	71109967	71177438	7.0401	78	0.8438	0.8523	INV	INV	BAF_WEIGHTED	61	0.3805	71109967	71109967	1.0399	6.0002
chr12	71177439	71177874	8.8183	0	0.0000	0.8821	INV	DUP	STRUCTURAL_VARIANT	0	0.0000	71177439	71177439	1.0399	7.7784
chr12	71177875	71195904	7.0683	17	0.8505	0.8591	DUP	INV	BAF_WEIGHTED	17	0.3722	71177875	71177875	0.9958	6.0726
chr12	71195905	71195969	12.3994	0	0.0000	0.9197	INV	INV	STRUCTURAL_VARIANT	0	0.0000	71195905	71195905	0.9958	11.4037
chr12	71195970	71195970	19.3951	0	0.0000	0.9487	INV	INV	STRUCTURAL_VARIANT	0	0.0000	71195970	71195970	0.9958	18.3993
chr12	71195971	71206983	12.9467	6	0.9194	0.9251	INV	INV	BAF_WEIGHTED	10	0.3755	71195971	71195971	0.9703	11.9765
chr12	71206984	71265669	14.9520	25	0.9288	0.9338	INV	INV	BAF_WEIGHTED	55	0.3614	71206984	71206984	0.9903	13.9617
chr12	71265670	71410211	18.6852	18	0.9447	0.9488	INV	INV	BAF_WEIGHTED	141	0.3615	71265670	71265670	0.9560	17.7292
chr12	71410212	71410328	20.1638	0	0.0000	0.9526	INV	INV	STRUCTURAL_VARIANT	0	0.0000	71410212	71410212	0.9560	19.2078
chr12	71410329	71422438	19.0452	0	0.0000	0.9498	INV	DUP	BAF_WEIGHTED	11	0.3852	71410329	71410329	0.9560	18.0892
chr12	71422439	71461543	17.3005	6	0.9438	0.9483	DUP	DEL	BAF_WEIGHTED	38	0.3960	71422439	71422439	0.8951	16.4054
chr12	71461544	71467043	19.0054	6	0.9333	0.9373	DEL	DUP	BAF_WEIGHTED	5	0.3794	71461544	71461544	1.1913	17.8141
chr12	71467044	71486413	17.1162	36	0.9344	0.9388	DUP	DUP	BAF_WEIGHTED	18	0.3790	71467044	71467044	1.0481	16.0681
chr12	71486414	71492110	19.1246	13	0.9451	0.9491	DUP	DEL	BAF_WEIGHTED	5	0.3808	71486414	71486414	0.9725	18.1521
chr12	71492111	71522584	16.9496	72	0.9345	0.9390	DEL	DEL	BAF_WEIGHTED	28	0.3894	71492111	71492111	1.0346	15.9150
chr12	71522585	71522868	19.8000	0	0.0000	0.9477	DEL	DUP	STRUCTURAL_VARIANT	0	0.0000	71522585	71522585	1.0346	18.7653
chr12	71522869	71558423	17.1208	35	0.9331	0.9375	DUP	INV	BAF_WEIGHTED	35	0.3879	71522869	71522869	1.0701	16.0508
chr12	71558424	71565338	10.8436	3	0.9045	0.9110	INV	DUP	BAF_WEIGHTED	5	0.3832	71558424	71558424	0.9652	9.8784
chr12	71565339	71570602	25.7790	1	0.9211	0.9239	DUP	DEL	BAF_WEIGHTED	4	0.3850	71565339	71565339	1.9607	23.8183
chr12	71570603	71571003	27.3793	0	0.0000	0.9636	DEL	INV	STRUCTURAL_VARIANT	0	0.0000	71570603	71570603	0.9968	26.3825
chr12	71571004	71589918	26.4551	3	0.9593	0.9623	INV	INV	BAF_WEIGHTED	16	0.3912	71571004	71571004	0.9968	25.4582
chr12	71589919	71604235	28.4277	3	0.9515	0.9543	INV	DUP	BAF_WEIGHTED	14	0.4045	71589919	71589919	1.3002	27.1275
chr12	71604236	71613902	26.3123	3	0.9631	0.9662	DUP	INV	BAF_WEIGHTED	8	0.3570	71604236	71604236	0.8904	25.4220
chr12	71613903	71676734	10.9901	38	0.9090	0.9155	INV	DEL	BAF_WEIGHTED	61	0.3631	71613903	71613903	0.9284	10.0617
chr12	71676735	71678293	13.3343	1	0.9005	0.9057	DEL	DUP	BAF_WEIGHTED	1	0.2850	71676735	71676735	1.2571	12.0772
chr12	71678294	71802999	10.9802	91	0.9010	0.9074	DUP	DUP	BAF_WEIGHTED	123	0.3859	71678294	71678294	1.0173	9.9629
chr12	71803000	71805357	13.0781	2	0.9347	0.9405	DUP	DEL	BAF_WEIGHTED	2	0.4245	71803000	71803000	0.7777	12.3003
chr12	71805358	71819176	10.8483	8	0.9230	0.9297	DEL	DUP	BAF_WEIGHTED	13	0.3701	71805358	71805358	0.7623	10.0860
chr12	71819177	71941344	9.1284	79	0.8814	0.8887	DUP	DUP	BAF_WEIGHTED	118	0.3726	71819177	71819177	1.0163	8.1121
chr12	71941345	72280605	1.0272	181	0.9316	1.0046	DUP	DEL	BAF_WEIGHTED	324	0.3826	71941345	71941345	0.0000	1.0272
chr12	72280606	72287782	41.4673	6	0.9797	0.9817	DEL	DUP	BAF_WEIGHTED	6	0.3425	72280606	72280606	0.7584	40.7090
chr12	72287783	72304711	40.4557	12	0.9720	0.9740	DUP	INV	BAF_WEIGHTED	16	0.4025	72287783	72287783	1.0507	39.4050
chr12	72304712	72311717	30.1164	1	0.9639	0.9666	INV	DEL	BAF_WEIGHTED	6	0.3677	72304712	72304712	1.0065	29.1099
chr12	72311718	72316218	31.6724	0	0.0000	0.9649	DEL	DEL	BAF_WEIGHTED	4	0.3415	72311718	72311718	1.1102	30.5622
chr12	72316219	72349020	27.1282	0	0.0000	0.9591	DEL	DEL	BAF_WEIGHTED	32	0.3792	72316219	72316219	1.1102	26.0180
chr12	72349021	72350087	29.0337	0	0.0000	0.9618	DEL	DUP	STRUCTURAL_VARIANT	0	0.0000	72349021	72349021	1.1102	27.9235
chr12	72350088	72355566	27.0340	3	0.9560	0.9589	DUP	DUP	BAF_WEIGHTED	4	0.3347	72350088	72350088	1.1102	25.9238
chr12	72355567	72401001	24.6576	3	0.9577	0.9609	DUP	DEL	BAF_WEIGHTED	36	0.3619	72355567	72355567	0.9629	23.6947
chr12	72401002	72428591	26.4434	11	0.9574	0.9604	DEL	DEL	BAF_WEIGHTED	26	0.3506	72401002	72401002	1.0469	25.3965
chr12	72428592	72441779	33.8229	11	0.9676	0.9700	DEL	INV	BAF_WEIGHTED	12	0.3442	72428592	72428592	1.0145	32.8083
chr12	72441780	72444401	20.3364	0	0.0000	0.9474	INV	INV	BAF_WEIGHTED	2	0.3710	72441780	72441780	1.0688	19.2676
chr12	72444402	72563789	18.9288	11	0.9395	0.9435	INV	DUP	BAF_WEIGHTED	107	0.3463	72444402	72444402	1.0688	17.8601
chr12	72563790	72678761	8.8914	21	0.8862	0.8938	DUP	INV	BAF_WEIGHTED	104	0.3317	72563790	72563790	0.9447	7.9467
chr12	72678762	72680541	22.2572	0	0.0000	0.9576	INV	DEL	BAF_WEIGHTED	1	0.3480	72678762	72678762	0.9447	21.3125
chr12	72680542	72688914	22.2879	16	0.9478	0.9513	DEL	DUP	BAF_WEIGHTED	7	0.3531	72680542	72680542	1.0855	21.2023
chr12	72688915	76948907	1.0031	2005	0.9231	0.9983	DUP	INV	BAF_WEIGHTED	4008	0.3641	72688915	72688915	0.0017	1.0014
chr12	76948908	77026583	10.0492	24	0.8882	0.8950	INV	DUP	BAF_WEIGHTED	76	0.3827	76948908	76948908	1.0555	8.9937
chr12	77026584	77036695	24.6797	9	0.9630	0.9663	DUP	DUP	BAF_WEIGHTED	9	0.4189	77026584	77026584	0.8326	23.8471
chr12	77036696	77075003	22.3368	19	0.9554	0.9589	DUP	DEL	BAF_WEIGHTED	36	0.4017	77036696	77036696	0.9170	21.4198
chr12	77075004	77087226	34.3889	8	0.9647	0.9671	DEL	DEL	BAF_WEIGHTED	11	0.3645	77075004	77075004	1.1331	33.2558
chr12	77087227	77093951	35.5502	6	0.9695	0.9717	DEL	INV	BAF_WEIGHTED	3	0.3813	77087227	77087227	1.0044	34.5457
chr12	77093952	77107853	51.3867	14	0.9798	0.9814	INV	INV	BAF_WEIGHTED	11	0.3859	77093952	77093952	0.9546	50.4321
chr12	77107854	77111042	53.0007	3	0.9755	0.9771	INV	INV	BAF_WEIGHTED	3	0.3830	77107854	77107854	1.2158	51.7849
chr12	77111043	77123922	51.0136	8	0.9798	0.9815	INV	DEL	BAF_WEIGHTED	11	0.3618	77111043	77111043	0.9445	50.0691
chr12	77123923	77126111	54.1977	2	0.9809	0.9825	DEL	DUP	BAF_WEIGHTED	2	0.3675	77123923	77123923	0.9488	53.2489
chr12	77126112	77144093	51.0811	9	0.9773	0.9789	DUP	INV	BAF_WEIGHTED	17	0.3792	77126112	77126112	1.0765	50.0046
chr12	77144094	77145892	52.9441	0	0.0000	0.9797	INV	INV	STRUCTURAL_VARIANT	0	0.0000	77144094	77144094	1.0765	51.8676
chr12	77145893	77146027	50.4065	0	0.0000	0.9786	INV	INV	STRUCTURAL_VARIANT	0	0.0000	77145893	77145893	1.0765	49.3300
chr12	77146028	77146173	52.6792	0	0.0000	0.9796	INV	DUP	STRUCTURAL_VARIANT	0	0.0000	77146028	77146028	1.0765	51.6026
chr12	77146174	77146299	50.4225	0	0.0000	0.9786	DUP	DUP	STRUCTURAL_VARIANT	0	0.0000	77146174	77146174	1.0765	49.3460
chr12	77146300	77146317	51.9920	0	0.0000	0.9793	DUP	DEL	STRUCTURAL_VARIANT	0	0.0000	77146300	77146300	1.0765	50.9155
chr12	77146318	77146503	53.4449	0	0.0000	0.9799	DEL	DEL	STRUCTURAL_VARIANT	0	0.0000	77146318	77146318	1.0765	52.3684
chr12	77146504	77146776	55.6922	0	0.0000	0.9807	DEL	DEL	STRUCTURAL_VARIANT	0	0.0000	77146504	77146504	1.0765	54.6156
chr12	77146777	77147239	53.7408	0	0.0000	0.9800	DEL	DUP	STRUCTURAL_VARIANT	0	0.0000	77146777	77146777	1.0765	52.6643
chr12	77147240	77152914	51.7799	5	0.9826	0.9842	DUP	INV	BAF_WEIGHTED	4	0.4047	77147240	77147240	0.8170	50.9628
chr12	77152915	78878426	1.0110	866	0.9286	1.0023	INV	DEL	BAF_WEIGHTED	1640	0.3573	77152915	77152915	0.0000	1.0110
chr12	78878427	78930715	15.1504	43	0.9307	0.9356	DEL	INV	BAF_WEIGHTED	51	0.3256	78878427	78878427	0.9750	14.1754
chr12	78930716	78934393	47.7140	1	0.9809	0.9827	INV	DUP	BAF_WEIGHTED	3	0.3567	78930716	78930716	0.8277	46.8863
chr12	78934394	78937675	32.5423	2	0.9622	0.9647	DUP	DUP	BAF_WEIGHTED	2	0.3290	78934394	78934394	1.1497	31.3926
chr12	78937676	78938771	15.9059	0	0.0000	0.9352	DUP	DUP	STRUCTURAL_VARIANT	0	0.0000	78937676	78937676	1.0314	14.8745
chr12	78938772	78939011	18.2432	0	0.0000	0.9435	DUP	INV	STRUCTURAL_VARIANT	0	0.0000	78938772	78938772	1.0314	17.2118
chr12	78939012	79023559	15.0831	3	0.9267	0.9316	INV	DUP	BAF_WEIGHTED	81	0.3450	78939012	78939012	1.0314	14.0518
chr12	79023560	79032514	0.9769	0	0.0000	1.0000	DUP	INV	BAF_WEIGHTED	8	0.3211	79023560	79023560	0.0000	0.9769
chr12	79032515	79043985	20.0504	0	0.0000	0.9486	INV	INV	BAF_WEIGHTED	6	0.3435	79032515	79032515	1.0314	19.0191
chr12	79043986	79097221	22.9340	2	0.9637	0.9672	INV	DEL	BAF_WEIGHTED	48	0.3428	79043986	79043986	0.7519	22.1821
chr12	79097222	79163079	23.7506	3	0.9582	0.9616	DEL	BND	BAF_WEIGHTED	63	0.3568	79097222	79097222	0.9131	22.8375
chr12	79163080	79180696	23.7870	8	0.9505	0.9537	BND	DEL	BAF_WEIGHTED	15	0.3386	79163080	79163080	1.1003	22.6867
chr12	79180697	79181564	25.4850	0	0.0000	0.9553	DEL	DUP	STRUCTURAL_VARIANT	0	0.0000	79180697	79180697	1.1393	24.3457
chr12	79181565	79200847	24.4013	23	0.9501	0.9533	DUP	INV	BAF_WEIGHTED	18	0.3486	79181565	79181565	1.1393	23.2620
chr12	79200848	79207427	25.9271	9	0.9550	0.9581	INV	INV	BAF_WEIGHTED	6	0.3582	79200848	79200848	1.0876	24.8395
chr12	79207428	79287026	23.8547	90	0.9545	0.9578	INV	DEL	BAF_WEIGHTED	77	0.3625	79207428	79207428	1.0075	22.8472
chr12	79287027	79295258	31.5701	8	0.9691	0.9717	DEL	DEL	BAF_WEIGHTED	7	0.3349	79287027	79287027	0.8923	30.6777
chr12	79295259	79329741	35.8856	20	0.9692	0.9714	DEL	INV	BAF_WEIGHTED	30	0.3706	79295259	79295259	1.0255	34.8601
chr12	79329742	79338708	52.6039	0	0.0000	0.9805	INV	INV	BAF_WEIGHTED	8	0.3730	79329742	79329742	1.0255	51.5785
chr12	79338709	79347432	49.0740	0	0.0000	0.9791	INV	DUP	BAF_WEIGHTED	6	0.3830	79338709	79338709	1.0255	48.0486
chr12	79347433	79371329	46.9994	1	0.9696	0.9713	DUP	INV	BAF_WEIGHTED	21	0.3697	79347433	79347433	1.3471	45.6523
chr12	79371330	79380397	48.2411	0	0.0000	0.9791	INV	DUP	BAF_WEIGHTED	8	0.3680	79371330	79371330	1.0087	47.2324
chr12	79380398	83399242	1.0025	1539	0.9313	1.0061	DUP	INV	BAF_WEIGHTED	3772	0.3619	79380398	79380398	0.0000	1.0025
chr12	83399243	83435059	27.0320	0	0.0000	0.9627	INV	DEL	BAF_WEIGHTED	28	0.3723	83399243	83399243	1.0087	26.0233
chr12	83435060	83467983	24.6205	7	0.9520	0.9552	DEL	DEL	BAF_WEIGHTED	29	0.3400	83435060	83435060	1.1028	23.5177
chr12	83467984	83685394	26.8456	191	0.9594	0.9624	DEL	INV	BAF_WEIGHTED	178	0.3561	83467984	83467984	1.0100	25.8356
chr12	83685395	83708897	13.0234	59	0.9231	0.9288	INV	DEL	BAF_WEIGHTED	20	0.3788	83685395	83685395	0.9279	12.0955
chr12	83708898	83801953	40.7060	79	0.9758	0.9778	DEL	DUP	BAF_WEIGHTED	84	0.3557	83708898	83708898	0.9035	39.8025
chr12	83801954	83837720	27.0932	0	0.0000	0.9667	DUP	DEL	BAF_WEIGHTED	32	0.3579	83801954	83801954	0.9035	26.1896
chr12	83837721	83841841	15.4643	0	0.0000	0.9416	DEL	INV	BAF_WEIGHTED	3	0.3340	83837721	83837721	0.9035	14.5608
chr12	83841842	83875245	28.4838	0	0.0000	0.9683	INV	DEL	BAF_WEIGHTED	29	0.3584	83841842	83841842	0.9035	27.5803
chr12	83875246	83911098	29.5010	0	0.0000	0.9694	DEL	DEL	BAF_WEIGHTED	33	0.3495	83875246	83875246	0.9035	28.5974
chr12	83911099	83932030	28.0484	0	0.0000	0.9678	DEL	INV	BAF_WEIGHTED	20	0.3241	83911099	83911099	0.9035	27.1449
chr12	83932031	83940481	29.6839	0	0.0000	0.9696	INV	INV	BAF_WEIGHTED	7	0.3241	83932031	83932031	0.9035	28.7804
chr12	83940482	83942627	15.5845	0	0.0000	0.9420	INV	INV	BAF_WEIGHTED	1	0.3880	83940482	83940482	0.9035	14.6809
chr12	83942628	83951390	23.4077	0	0.0000	0.9614	INV	INV	BAF_WEIGHTED	8	0.3377	83942628	83942628	0.9035	22.5041
chr12	83951391	83964024	21.4395	0	0.0000	0.9579	INV	INV	BAF_WEIGHTED	12	0.3228	83951391	83951391	0.9035	20.5360
chr12	83964025	84032010	19.5265	0	0.0000	0.9537	INV	INV	BAF_WEIGHTED	54	0.3448	83964025	83964025	0.9035	18.6230
chr12	84032011	84033312	20.5441	0	0.0000	0.9560	INV	DUP	STRUCTURAL_VARIANT	0	0.0000	84032011	84032011	0.9035	19.6406
chr12	84033313	84055792	18.8412	0	0.0000	0.9520	DUP	DEL	BAF_WEIGHTED	21	0.3490	84033313	84033313	0.9035	17.9377
chr12	84055793	84081214	20.9119	0	0.0000	0.9568	DEL	DUP	BAF_WEIGHTED	23	0.3433	84055793	84055793	0.9035	20.0083
chr12	84081215	84083010	19.0879	0	0.0000	0.9527	DUP	INV	NON_DIPLOID	1	0.3400	84081215	84081215	0.9035	18.1843
chr12	84083011	84083096	21.0041	0	0.0000	0.9570	INV	DEL	STRUCTURAL_VARIANT	0	0.0000	84083011	84083011	0.9035	20.1005
chr12	84083097	84083253	23.4516	0	0.0000	0.9615	DEL	INV	STRUCTURAL_VARIANT	0	0.0000	84083097	84083097	0.9035	22.5480
chr12	84083254	84083374	15.7106	0	0.0000	0.9425	INV	INV	STRUCTURAL_VARIANT	0	0.0000	84083254	84083254	0.9035	14.8071
chr12	84083375	84084727	14.3445	0	0.0000	0.9370	INV	DEL	STRUCTURAL_VARIANT	0	0.0000	84083375	84083375	0.9035	13.4410
chr12	84084728	84099757	26.0977	0	0.0000	0.9654	DEL	DEL	BAF_WEIGHTED	13	0.3446	84084728	84084728	0.9035	25.1941
chr12	84099758	84128444	35.4020	0	0.0000	0.9745	DEL	INV	BAF_WEIGHTED	20	0.3492	84099758	84099758	0.9035	34.4985
chr12	84128445	84145030	43.0990	0	0.0000	0.9790	INV	DUP	BAF_WEIGHTED	16	0.3286	84128445	84128445	0.9035	42.1954
chr12	84145031	84153437	28.9272	0	0.0000	0.9688	DUP	INV	BAF_WEIGHTED	7	0.3903	84145031	84145031	0.9035	28.0236
chr12	84153438	84157034	31.1040	0	0.0000	0.9710	INV	DEL	BAF_WEIGHTED	1	0.3160	84153438	84153438	0.9035	30.2004
chr12	84157035	84157367	32.7250	0	0.0000	0.9724	DEL	DEL	STRUCTURAL_VARIANT	0	0.0000	84157035	84157035	0.9035	31.8215
chr12	84157368	84157564	41.3313	0	0.0000	0.9781	DEL	INV	STRUCTURAL_VARIANT	0	0.0000	84157368	84157368	0.9035	40.4278
chr12	84157565	84175448	32.4359	0	0.0000	0.9721	INV	INV	BAF_WEIGHTED	16	0.3495	84157565	84157565	0.9035	31.5324
chr12	84175449	84176688	43.1886	0	0.0000	0.9791	INV	DUP	STRUCTURAL_VARIANT	0	0.0000	84175449	84175449	0.9035	42.2850
chr12	84176689	84192383	41.3066	1	0.9727	0.9747	DUP	DEL	BAF_WEIGHTED	15	0.3086	84176689	84176689	1.0455	40.2612
chr12	84192384	84202813	43.1935	0	0.0000	0.9653	DEL	DUP	BAF_WEIGHTED	9	0.3454	84192384	84192384	1.4985	41.6950
chr12	84202814	84203483	41.4653	0	0.0000	0.9639	DUP	DEL	STRUCTURAL_VARIANT	0	0.0000	84202814	84202814	1.4985	39.9668
chr12	84203484	84212064	43.2646	0	0.0000	0.9654	DEL	DUP	BAF_WEIGHTED	7	0.3383	84203484	84203484	1.4985	41.7661
chr12	84212065	84215314	45.7832	0	0.0000	0.9673	DUP	INV	BAF_WEIGHTED	2	0.3065	84212065	84212065	1.4985	44.2847
chr12	84215315	84233622	45.1351	0	0.0000	0.9668	INV	INV	BAF_WEIGHTED	16	0.3419	84215315	84215315	1.4985	43.6366
chr12	84233623	84267157	47.3072	0	0.0000	0.9683	INV	DEL	BAF_WEIGHTED	32	0.3168	84233623	84233623	1.4985	45.8088
chr12	84267158	84269948	51.0638	0	0.0000	0.9707	DEL	INV	BAF_WEIGHTED	1	0.3150	84267158	84267158	1.4985	49.5653
chr12	84269949	84293534	47.3061	0	0.0000	0.9683	INV	DEL	BAF_WEIGHTED	21	0.3503	84269949	84269949	1.4985	45.8076
chr12	84293535	84293716	58.1749	0	0.0000	0.9742	DEL	INV	STRUCTURAL_VARIANT	0	0.0000	84293535	84293535	1.4985	56.6764
chr12	84293717	84294132	61.9563	0	0.0000	0.9758	INV	INV	STRUCTURAL_VARIANT	0	0.0000	84293717	84293717	1.4985	60.4578
chr12	84294133	84294981	58.5065	0	0.0000	0.9744	INV	DEL	STRUCTURAL_VARIANT	0	0.0000	84294133	84294133	1.4985	57.0080
chr12	84294982	84297615	58.9070	0	0.0000	0.9746	DEL	DUP	BAF_WEIGHTED	2	0.3290	84294982	84294982	1.4985	57.4086
chr12	84297616	84299085	44.3974	0	0.0000	0.9662	DUP	INV	BAF_WEIGHTED	1	0.3770	84297616	84297616	1.4985	42.8989
chr12	84299086	84331178	46.3201	1	0.9659	0.9676	INV	DEL	BAF_WEIGHTED	29	0.3393	84299086	84299086	1.4985	44.8216
chr12	84331179	84331642	48.5559	0	0.0000	0.9794	DEL	INV	STRUCTURAL_VARIANT	0	0.0000	84331179	84331179	1.0000	47.5559
chr12	84331643	84340067	45.4652	0	0.0000	0.9780	INV	INV	BAF_WEIGHTED	8	0.3302	84331643	84331643	1.0000	44.4652
chr12	84340068	84352383	46.9294	0	0.0000	0.9787	INV	INV	BAF_WEIGHTED	11	0.3352	84340068	84340068	1.0000	45.9294
chr12	84352384	84356486	50.6963	0	0.0000	0.9803	INV	INV	BAF_WEIGHTED	3	0.3923	84352384	84352384	1.0000	49.6963
chr12	84356487	84362980	49.0958	0	0.0000	0.9796	INV	INV	BAF_WEIGHTED	5	0.4388	84356487	84356487	1.0000	48.0958
chr12	84362981	84364715	48.2140	0	0.0000	0.9793	INV	INV	BAF_WEIGHTED	1	0.5140	84362981	84362981	1.0000	47.2139
chr12	84364716	84369566	49.1429	0	0.0000	0.9797	INV	DUP	BAF_WEIGHTED	4	0.3238	84364716	84364716	1.0000	48.1429
chr12	84369567	84370440	46.8863	0	0.0000	0.9787	DUP	DEL	STRUCTURAL_VARIANT	0	0.0000	84369567	84369567	1.0000	45.8863
chr12	84370441	84370640	49.7084	0	0.0000	0.9799	DEL	INV	STRUCTURAL_VARIANT	0	0.0000	84370441	84370441	1.0000	48.7084
chr12	84370641	84370751	53.1602	0	0.0000	0.9812	INV	INV	STRUCTURAL_VARIANT	0	0.0000	84370641	84370641	1.0000	52.1602
chr12	84370752	84370856	49.9777	0	0.0000	0.9800	INV	INV	STRUCTURAL_VARIANT	0	0.0000	84370752	84370752	1.0000	48.9776
chr12	84370857	84370894	44.5868	0	0.0000	0.9776	INV	INV	STRUCTURAL_VARIANT	0	0.0000	84370857	84370857	1.0000	43.5867
chr12	84370895	84371118	38.9646	0	0.0000	0.9743	INV	INV	STRUCTURAL_VARIANT	0	0.0000	84370895	84370895	1.0000	37.9646
chr12	84371119	84371204	40.5131	0	0.0000	0.9753	INV	INV	STRUCTURAL_VARIANT	0	0.0000	84371119	84371119	1.0000	39.5131
chr12	84371205	84371218	42.9122	0	0.0000	0.9767	INV	DEL	STRUCTURAL_VARIANT	0	0.0000	84371205	84371205	1.0000	41.9121
chr12	84371219	84371660	43.8566	0	0.0000	0.9772	DEL	DUP	STRUCTURAL_VARIANT	0	0.0000	84371219	84371219	1.0000	42.8566
chr12	84371661	84396337	42.1461	0	0.0000	0.9763	DUP	INV	BAF_WEIGHTED	21	0.3591	84371661	84371661	1.0000	41.1460
chr12	84396338	84399080	21.8147	0	0.0000	0.9542	INV	DUP	BAF_WEIGHTED	2	0.2950	84396338	84396338	1.0000	20.8146
chr12	84399081	84407422	21.9911	0	0.0000	0.9545	DUP	INV	BAF_WEIGHTED	7	0.4131	84399081	84399081	1.0000	20.9911
chr12	84407423	84407529	20.5155	0	0.0000	0.9513	INV	DEL	STRUCTURAL_VARIANT	0	0.0000	84407423	84407423	1.0000	19.5154
chr12	84407530	84410396	22.5439	0	0.0000	0.9556	DEL	INV	BAF_WEIGHTED	2	0.3315	84407530	84407530	1.0000	21.5438
chr12	84410397	84464706	19.7568	0	0.0000	0.9494	INV	DEL	BAF_WEIGHTED	53	0.3366	84410397	84410397	1.0000	18.7567
chr12	84464707	84490091	31.8049	0	0.0000	0.9686	DEL	INV	BAF_WEIGHTED	24	0.3284	84464707	84464707	1.0000	30.8049
chr12	84490092	84493001	49.6613	0	0.0000	0.9799	INV	DUP	BAF_WEIGHTED	2	0.3495	84490092	84490092	1.0000	48.6613
chr12	84493002	84496301	31.1881	0	0.0000	0.9679	DUP	DUP	BAF_WEIGHTED	2	0.3145	84493002	84493002	1.0000	30.1880
chr12	84496302	84517576	29.9365	1	0.9639	0.9666	DUP	DUP	BAF_WEIGHTED	20	0.3663	84496302	84496302	1.0000	28.9365
chr12	84517577	84523719	27.6803	0	0.0000	0.9543	DUP	DEL	BAF_WEIGHTED	5	0.3054	84517577	84517577	1.2648	26.4156
chr12	84523720	84535916	29.3278	0	0.0000	0.9569	DEL	INV	BAF_WEIGHTED	11	0.3367	84523720	84523720	1.2648	28.0630
chr12	84535917	84536198	32.3880	0	0.0000	0.9609	INV	DUP	STRUCTURAL_VARIANT	0	0.0000	84535917	84535917	1.2648	31.1233
chr12	84536199	84553609	28.1691	0	0.0000	0.9551	DUP	DUP	BAF_WEIGHTED	16	0.3271	84536199	84536199	1.2648	26.9044
chr12	84553610	84562673	19.2818	0	0.0000	0.9344	DUP	DEL	BAF_WEIGHTED	7	0.3199	84553610	84553610	1.2648	18.0171
chr12	84562674	84565692	21.8158	0	0.0000	0.9420	DEL	DEL	BAF_WEIGHTED	2	0.3110	84562674	84562674	1.2648	20.5510
chr12	84565693	84592453	23.6239	1	0.9432	0.9465	DEL	INV	BAF_WEIGHTED	25	0.3504	84565693	84565693	1.2648	22.3592
chr12	84592454	84652450	13.9549	34	0.9328	0.9382	INV	DEL	BAF_WEIGHTED	56	0.3293	84592454	84592454	0.8625	13.0924
chr12	84652451	84686074	28.9603	4	0.9483	0.9510	DEL	DEL	BAF_WEIGHTED	33	0.3462	84652451	84652451	1.4193	27.5411
chr12	84686075	84703652	30.5197	4	0.9677	0.9703	DEL	INV	BAF_WEIGHTED	16	0.3458	84686075	84686075	0.9060	29.6137
chr12	84703653	84836670	28.6739	7	0.9624	0.9652	INV	DUP	BAF_WEIGHTED	129	0.3464	84703653	84703653	0.9978	27.6762
chr12	84836671	133275309	2.0037	24475	0.5620	0.5035	DUP	TELOMERE	BAF_WEIGHTED	45541	0.4251	84836671	84836671	0.9949	1.0088
chr13	1	17025623	2.0033	0	0.0000	0.5059	TELOMERE	CENTROMERE	LONG_ARM	0	0.0000	1	1	0.9898	1.0135
chr13	17025624	114364328	2.0033	52657	0.5609	0.5059	CENTROMERE	TELOMERE	BAF_WEIGHTED	89338	0.3832	17025624	17025624	0.9898	1.0135
chr14	1	17086761	2.0107	0	0.0000	0.5061	TELOMERE	CENTROMERE	LONG_ARM	0	0.0000	1	1	0.9931	1.0175
chr14	17086762	107043718	2.0107	44203	0.5618	0.5061	CENTROMERE	TELOMERE	BAF_WEIGHTED	79864	0.4066	17086762	17086762	0.9931	1.0175
chr15	1	18362626	2.0072	0	0.0000	0.5044	TELOMERE	CENTROMERE	LONG_ARM	0	0.0000	1	1	0.9948	1.0124
chr15	18362627	101991189	2.0072	38730	0.5618	0.5044	CENTROMERE	TELOMERE	BAF_WEIGHTED	70625	0.4207	18362627	18362627	0.9948	1.0124
chr16	1	37295919	1.9784	17360	0.5629	0.5057	TELOMERE	CENTROMERE	BAF_WEIGHTED	25459	0.4581	1	1	0.9779	1.0005
chr16	37295920	90338345	2.9980	23756	0.6577	0.6669	CENTROMERE	TELOMERE	BAF_WEIGHTED	39642	0.4359	37295920	37295920	0.9987	1.9993
chr17	1	24849829	1.0675	10145	0.8753	0.9364	TELOMERE	CENTROMERE	BAF_WEIGHTED	18130	0.4611	1	1	0.0679	0.9996
chr17	24849830	31328000	1.0014	1655	0.9318	1.0009	CENTROMERE	NONE	BAF_WEIGHTED	3804	0.4429	24849830	24849830	0.0000	1.0014
chr17	31328001	31824000	0.0153	2	0.7500	1.0000	NONE	NONE	BAF_WEIGHTED	459	0.4711	31328001	31328001	0.0000	0.0153
chr17	31824001	36340000	1.0471	1852	0.9070	0.9757	NONE	NONE	BAF_WEIGHTED	3940	0.4416	31824001	31824001	0.0254	1.0216
chr17	36340001	39518735	2.3598	361	0.5946	0.6017	NONE	SGL	BAF_WEIGHTED	2431	0.4665	36222001	36458001	0.9400	1.4199
chr17	39518736	83257441	2.0312	19673	0.5641	0.5139	SGL	TELOMERE	BAF_WEIGHTED	38553	0.4532	39518736	39518736	0.9874	1.0438
chr18	1	18161052	2.0096	9671	0.5621	0.5054	TELOMERE	CENTROMERE	BAF_WEIGHTED	13196	0.4097	1	1	0.9939	1.0157
chr18	18161053	80373285	2.0103	31774	0.5614	0.5044	CENTROMERE	TELOMERE	BAF_WEIGHTED	56350	0.3936	18161053	18161053	0.9962	1.0140
chr19	1	25844926	1.9129	11845	0.5659	0.5233	TELOMERE	CENTROMERE	BAF_WEIGHTED	19800	0.4957	1	1	0.9119	1.0010
chr19	25844927	58617616	1.9444	14779	0.5651	0.5151	CENTROMERE	TELOMERE	BAF_WEIGHTED	26660	0.4750	25844927	25844927	0.9428	1.0015
chr20	1	28237289	2.0155	14530	0.5621	0.5046	TELOMERE	CENTROMERE	BAF_WEIGHTED	24207	0.4180	1	1	0.9985	1.0170
chr20	28237290	64444167	1.9986	15889	0.5628	0.5045	CENTROMERE	TELOMERE	BAF_WEIGHTED	30787	0.4572	28237290	28237290	0.9903	1.0083
chr21	1	11890183	2.0027	0	0.0000	0.5016	TELOMERE	CENTROMERE	LONG_ARM	0	0.0000	1	1	0.9982	1.0045
chr21	11890184	46709983	2.0027	20940	0.5622	0.5016	CENTROMERE	TELOMERE	BAF_WEIGHTED	29920	0.4050	11890184	11890184	0.9982	1.0045
chr22	1	14004552	1.8791	0	0.0000	0.5396	TELOMERE	CENTROMERE	LONG_ARM	5	0.2384	1	1	0.8650	1.0140
chr22	14004553	50818468	1.8791	17396	0.5744	0.5396	CENTROMERE	TELOMERE	BAF_WEIGHTED	28667	0.4805	14004553	14004553	0.8650	1.0140
chrX	1	60509060	1.0016	0	0.0000	1.0000	TELOMERE	CENTROMERE	BAF_WEIGHTED	50127	0.3978	1	1	0.0000	1.0016
chrX	60509061	156040895	0.9921	0	0.0000	1.0000	CENTROMERE	TELOMERE	BAF_WEIGHTED	78484	0.3875	60509061	60509061	0.0000	0.9921
chrY	1	10430491	1.0034	0	0.0000	1.0000	TELOMERE	CENTROMERE	BAF_WEIGHTED	2601	0.4083	1	1	0.0000	1.0034
chrY	10430492	57227415	0.9871	0	0.0000	1.0000	CENTROMERE	TELOMERE	BAF_WEIGHTED	6837	0.3864	10430492	10430492	0.0000	0.9871
